File,Subject,Task,Run,Method,Rank,Rank_R1,Rank_R2,Original_Parameters,Compressed_Parameters,Compression_Ratio,Compression_Factor,Reconstruction_Error,Reconstruction_Error_Percent,Explained_Variance,Explained_Variance_Percent,Runtime_Seconds,Status
../data/preprocessed/002/auditory/run01_epochs.npz,002,auditory,run01,TT,"(1, 3, 3, 1)",3,3,8406000,5073,0.9993965024982155,1657.0076877587226,0.5744244975869426,57.44244975869426,0.6700364965719885,67.00364965719885,7.1342497939995155,Success
../data/preprocessed/002/auditory/run01_epochs.npz,002,auditory,run01,TT,"(1, 3, 5, 1)",3,5,8406000,8055,0.999041756,1043.5754189944134,0.5678881858814494,56.78881858814494,0.6775030083362763,67.75030083362763,2.6016790049998235,Success
../data/preprocessed/002/auditory/run01_epochs.npz,002,auditory,run01,TT,"(1, 5, 3, 1)",5,3,8406000,5653,0.9993275041636926,1486.9980541305501,0.5356278548231502,53.56278548231502,0.7131028011375502,71.31028011375503,1.9842982620002658,Success
../data/preprocessed/002/auditory/run01_epochs.npz,002,auditory,run01,TT,"(1, 5, 5, 1)",5,5,8406000,8755,0.9989584820366405,960.1370645345517,0.5153345051453804,51.53345051453804,0.7344303478065659,73.44303478065659,3.049037877000046,Success
../data/preprocessed/002/auditory/run01_epochs.npz,002,auditory,run01,TT,"(1, 5, 7, 1)",5,7,8406000,11857,0.9985894599095884,708.9483005819347,0.5083664676731902,50.83664676731902,0.7415635345454834,74.15635345454834,2.648511503000009,Success
../data/preprocessed/002/auditory/run01_epochs.npz,002,auditory,run01,TT,"(1, 7, 5, 1)",7,5,8406000,9455,0.998875208,889.0534109,0.4762540445441738,47.62540445441738,0.7731820850553163,77.31820850553163,3.9288953780005613,Success
../data/preprocessed/002/auditory/run01_epochs.npz,002,auditory,run01,TT,"(1, 7, 7, 1)",7,7,8406000,12677,0.9984919105400905,663.0906366,0.4587097601940692,45.870976019406925,0.7895853559026995,78.95853559026995,2.613315448999856,Success
../data/preprocessed/002/auditory/run01_epochs.npz,002,auditory,run01,TT,"(1, 7, 10, 1)",7,10,8406000,17510,0.997916964,480.0685322672758,0.4502489784322865,45.02489784322865,0.7972758574206824,79.72758574206824,2.331009346000428,Success
../data/preprocessed/002/auditory/run01_epochs.npz,002,auditory,run01,TT,"(1, 10, 7, 1)",10,7,8406000,13907,0.9983455864858435,604.4438052779176,0.41358913376694945,41.35891337669494,0.8289440284299043,82.89440284299043,3.0968938649994016,Success
../data/preprocessed/002/auditory/run01_epochs.npz,002,auditory,run01,TT,"(1, 10, 10, 1)",10,10,8406000,19010,0.9977385201046871,442.18832193582324,0.38544242411297075,38.54424241129708,0.8514341376939168,85.14341376939169,2.8958321230002184,Success
../data/preprocessed/002/auditory/run01_epochs.npz,002,auditory,run01,TT,"(1, 10, 15, 1)",10,15,8406000,27515,0.996726743,305.50608758858806,0.37836057558495506,37.836057558495504,0.8568432748430216,85.68432748430216,2.3950906069994744,Success
../data/preprocessed/002/auditory/run01_epochs.npz,002,auditory,run01,TT,"(1, 15, 10, 1)",15,10,8406000,21510,0.997441113,390.7949790794979,0.31477804809229476,31.477804809229475,0.90091478,90.09147804,1.938148891,Success
../data/preprocessed/002/auditory/run01_epochs.npz,002,auditory,run01,TT,"(1, 15, 15, 1)",15,15,8406000,30765,0.9963401142041399,273.2325694783033,0.2918160987344943,29.181609873449432,0.9148433645193799,91.48433645193799,2.1997584820001066,Success
../data/preprocessed/002/auditory/run01_epochs.npz,002,auditory,run01,TT,"(1, 15, 20, 1)",15,20,8406000,40020,0.9952391149179157,210.04497751124438,0.29106720419951015,29.106720419951017,0.9152798826394807,91.52798826394807,2.5377214820000518,Success
../data/preprocessed/002/auditory/run01_epochs.npz,002,auditory,run01,TT,"(1, 20, 15, 1)",20,15,8406000,34015,0.9959534856055199,247.12626782301925,0.23856165783483113,23.856165783483114,0.9430883354110969,94.30883354110969,3.180501241999991,Success
../data/preprocessed/002/auditory/run01_epochs.npz,002,auditory,run01,TT,"(1, 20, 20, 1)",20,20,8406000,44020,0.9947632643349988,190.95865515674694,0.23739094615236647,23.73909461523665,0.9436455386848842,94.36455386848841,4.320656928000062,Success
../data/preprocessed/002/auditory/run02_epochs.npz,002,auditory,run02,TT,"(1, 3, 3, 1)",3,3,8406000,5073,0.9993965024982155,1657.0076877587226,0.6688046753588208,66.88046753588208,0.5527003062181824,55.27003062181824,2.109307412999442,Success
../data/preprocessed/002/auditory/run02_epochs.npz,002,auditory,run02,TT,"(1, 3, 5, 1)",3,5,8406000,8055,0.999041756,1043.5754189944134,0.6650878463398658,66.50878463398658,0.557658157,55.76581566509991,3.0628881310003635,Success
../data/preprocessed/002/auditory/run02_epochs.npz,002,auditory,run02,TT,"(1, 5, 3, 1)",5,3,8406000,5653,0.9993275041636926,1486.9980541305501,0.6102240175556031,61.02240175556031,0.6276266483982991,62.76266483982991,3.249463490999915,Success
../data/preprocessed/002/auditory/run02_epochs.npz,002,auditory,run02,TT,"(1, 5, 5, 1)",5,5,8406000,8755,0.9989584820366405,960.1370645345517,0.5947547560688369,59.47547560688369,0.6462667801334985,64.62667801334985,3.368551477999972,Success
../data/preprocessed/002/auditory/run02_epochs.npz,002,auditory,run02,TT,"(1, 5, 7, 1)",5,7,8406000,11857,0.9985894599095884,708.9483005819347,0.5885081822898478,58.85081822898478,0.6536581193778993,65.36581193778993,3.7444983910008887,Success
../data/preprocessed/002/auditory/run02_epochs.npz,002,auditory,run02,TT,"(1, 7, 5, 1)",7,5,8406000,9455,0.998875208,889.0534109,0.549300214,54.930021402960406,0.6982692748670313,69.82692748670313,11.664614072999939,Success
../data/preprocessed/002/auditory/run02_epochs.npz,002,auditory,run02,TT,"(1, 7, 7, 1)",7,7,8406000,12677,0.9984919105400905,663.0906366,0.5318811919473692,53.18811919473691,0.7171023976526457,71.71023976526457,6.305481620000137,Success
../data/preprocessed/002/auditory/run02_epochs.npz,002,auditory,run02,TT,"(1, 7, 10, 1)",7,10,8406000,17510,0.997916964,480.0685322672758,0.5220952881202691,52.20952881,0.7274165101226132,72.74165101226131,3.453179932999774,Success
../data/preprocessed/002/auditory/run02_epochs.npz,002,auditory,run02,TT,"(1, 10, 7, 1)",10,7,8406000,13907,0.9983455864858435,604.4438052779176,0.4786638806626644,47.86638806626644,0.7708808893489585,77.08808893489585,3.269193326000277,Success
../data/preprocessed/002/auditory/run02_epochs.npz,002,auditory,run02,TT,"(1, 10, 10, 1)",10,10,8406000,19010,0.9977385201046871,442.18832193582324,0.44249970867816685,44.249970867816685,0.8041940078197374,80.41940078197374,5.752757195999948,Success
../data/preprocessed/002/auditory/run02_epochs.npz,002,auditory,run02,TT,"(1, 10, 15, 1)",10,15,8406000,27515,0.996726743,305.50608758858806,0.43556012823337215,43.55601282333721,0.8102873746933285,81.02873746933284,10.225323921999916,Success
../data/preprocessed/002/auditory/run02_epochs.npz,002,auditory,run02,TT,"(1, 15, 10, 1)",15,10,8406000,21510,0.997441113,390.7949790794979,0.357792541,35.77925406,0.8719844978945995,87.19844978945996,11.204261996000241,Success
../data/preprocessed/002/auditory/run02_epochs.npz,002,auditory,run02,TT,"(1, 15, 15, 1)",15,15,8406000,30765,0.9963401142041399,273.2325694783033,0.33649937094307014,33.64993709430701,0.8867681733549181,88.67681734,2.721971155000574,Success
../data/preprocessed/002/auditory/run02_epochs.npz,002,auditory,run02,TT,"(1, 15, 20, 1)",15,20,8406000,40020,0.9952391149179157,210.04497751124438,0.33573397247208936,33.57339724720894,0.8872826997281104,88.72826997281103,2.9920120450005925,Success
../data/preprocessed/002/auditory/run02_epochs.npz,002,auditory,run02,TT,"(1, 20, 15, 1)",20,15,8406000,34015,0.9959534856055199,247.12626782301925,0.2783932265683924,27.839322656839236,0.9224972114008397,92.24972114008398,4.615337074999843,Success
../data/preprocessed/002/auditory/run02_epochs.npz,002,auditory,run02,TT,"(1, 20, 20, 1)",20,20,8406000,44020,0.9947632643349988,190.95865515674694,0.277025053,27.70250531,0.9232571199394609,92.32571199394609,2.7412978270003805,Success
../data/preprocessed/002/motor/run01_epochs.npz,002,motor,run01,TT,"(1, 3, 3, 1)",3,3,3068190,4692,0.9984707596335298,653.9194373401534,0.5973058255461587,59.73058255461587,0.6432257507686219,64.32257508,0.5733700470000258,Success
../data/preprocessed/002/motor/run01_epochs.npz,002,motor,run01,TT,"(1, 3, 5, 1)",3,5,3068190,7674,0.9974988511141748,399.81626270523844,0.5771348295477194,57.71348295477195,0.6669153885229251,66.69153885229251,0.5712599349999437,Success
../data/preprocessed/002/motor/run01_epochs.npz,002,motor,run01,TT,"(1, 5, 3, 1)",5,3,3068190,5018,0.9983645080650155,611.4368274212834,0.5630490277821204,56.30490277821204,0.682975792,68.29757923,0.636965258,Success
../data/preprocessed/002/motor/run01_epochs.npz,002,motor,run01,TT,"(1, 5, 5, 1)",5,5,3068190,8120,0.9973534885388454,377.85591133004925,0.5211003195270322,52.11003195270322,0.728454457,72.8454457,0.6775962029996663,Success
../data/preprocessed/002/motor/run01_epochs.npz,002,motor,run01,TT,"(1, 5, 7, 1)",5,7,3068190,11222,0.9963424690126752,273.4084833363037,0.5049015705438789,50.490157054387886,0.7450744040623247,74.50744040623248,2.043829430000187,Success
../data/preprocessed/002/motor/run01_epochs.npz,002,motor,run01,TT,"(1, 7, 5, 1)",7,5,3068190,8566,0.9972081259635159,358.1823488209199,0.48735475723644817,48.73547572364482,0.7624853405990029,76.24853405990028,0.6727338529999543,Success
../data/preprocessed/002/motor/run01_epochs.npz,002,motor,run01,TT,"(1, 7, 7, 1)",7,7,3068190,11788,0.9961579954305307,260.2807940278249,0.45531155142057356,45.53115514205736,0.7926913911429905,79.26913911429905,0.6226527489998261,Success
../data/preprocessed/002/motor/run01_epochs.npz,002,motor,run01,TT,"(1, 7, 10, 1)",7,10,3068190,16621,0.9945827996310528,184.59719631791108,0.4383382029403948,43.833820294039484,0.8078596198429853,80.78596198429852,0.7512873960004072,Success
../data/preprocessed/002/motor/run01_epochs.npz,002,motor,run01,TT,"(1, 10, 7, 1)",10,7,3068190,12637,0.9958812850573139,242.79417583287173,0.4103431176468405,41.03431176468405,0.8316185257998714,83.16185257998714,0.6727221040000586,Success
../data/preprocessed/002/motor/run01_epochs.npz,002,motor,run01,TT,"(1, 10, 10, 1)",10,10,3068190,17740,0.9942180894925021,172.9532130777903,0.37047816174041726,37.04781617404173,0.8627459316734413,86.27459316734412,0.8505169219997697,Success
../data/preprocessed/002/motor/run01_epochs.npz,002,motor,run01,TT,"(1, 10, 15, 1)",10,15,3068190,26245,0.9914460968844824,116.90569632310917,0.3623082,36.23081997,0.868732768,86.87327684,0.6888761929994871,Success
../data/preprocessed/002/motor/run01_epochs.npz,002,motor,run01,TT,"(1, 15, 10, 1)",15,10,3068190,19605,0.9936102392615842,156.50038255547054,0.30329268539546034,30.329268539546035,0.9080135469856103,90.80135469856103,0.989702149,Success
../data/preprocessed/002/motor/run01_epochs.npz,002,motor,run01,TT,"(1, 15, 15, 1)",15,15,3068190,28860,0.9905938028609701,106.31288981288981,0.27916400718148243,27.916400718148243,0.9220674570943772,92.20674570943773,0.8261313220000375,Success
../data/preprocessed/002/motor/run01_epochs.npz,002,motor,run01,TT,"(1, 15, 20, 1)",15,20,3068190,38115,0.9875773664603561,80.49822904,0.27678840328297755,27.678840328297756,0.9233881798080598,92.33881798080597,1.261960473999352,Success
../data/preprocessed/002/motor/run01_epochs.npz,002,motor,run01,TT,"(1, 20, 15, 1)",20,15,3068190,31475,0.9897415088374579,97.48022239872915,0.23171836926290101,23.17183693,0.9463065973461419,94.63065973461418,1.693882991999999,Success
../data/preprocessed/002/motor/run01_epochs.npz,002,motor,run01,TT,"(1, 20, 20, 1)",20,20,3068190,41480,0.9864806286442496,73.96793635486982,0.2274656000736117,22.74656000736117,0.9482594007831517,94.82594007831517,0.8894945199999711,Success
../data/preprocessed/002/motor/run02_epochs.npz,002,motor,run02,TT,"(1, 3, 3, 1)",3,3,2942100,4683,0.9984082798001428,628.2511210762332,0.5584276053073558,55.84276053073558,0.6881586096306922,68.81586096306921,0.5953512559999581,Success
../data/preprocessed/002/motor/run02_epochs.npz,002,motor,run02,TT,"(1, 3, 5, 1)",3,5,2942100,7665,0.9973947180585296,383.83561643835617,0.5335192111757665,53.35192111757665,0.7153572513063877,71.53572513063877,0.8149533140003768,Success
../data/preprocessed/002/motor/run02_epochs.npz,002,motor,run02,TT,"(1, 5, 3, 1)",5,3,2942100,5003,0.9982995139526188,588.0671597041775,0.5255095450285454,52.55095450285454,0.7238397180838914,72.38397180838913,0.6894091879994448,Success
../data/preprocessed/002/motor/run02_epochs.npz,002,motor,run02,TT,"(1, 5, 5, 1)",5,5,2942100,8105,0.9972451650181843,362.9981492905614,0.4756619251336121,47.56619251336121,0.773745733,77.3745733,0.9043566369991822,Success
../data/preprocessed/002/motor/run02_epochs.npz,002,motor,run02,TT,"(1, 5, 7, 1)",5,7,2942100,11207,0.9961908160837497,262.52342286071206,0.4630871927515773,46.30871927515773,0.7855502519094635,78.55502519094635,0.5773938580005051,Success
../data/preprocessed/002/motor/run02_epochs.npz,002,motor,run02,TT,"(1, 7, 5, 1)",7,5,2942100,8545,0.9970956119778389,344.3066120538326,0.45160577473877234,45.16057747387723,0.7960522242225931,79.60522242225932,0.602657988,Success
../data/preprocessed/002/motor/run02_epochs.npz,002,motor,run02,TT,"(1, 7, 7, 1)",7,7,2942100,11767,0.9960004758505829,250.02974419988104,0.4161608281539065,41.61608281539065,0.8268101651102547,82.68101651102548,0.6306422129991915,Success
../data/preprocessed/002/motor/run02_epochs.npz,002,motor,run02,TT,"(1, 7, 10, 1)",7,10,2942100,16600,0.9943577716596989,177.23493975903614,0.39880771228103895,39.880771228103896,0.8409524086251641,84.09524086,0.6088314739999987,Success
../data/preprocessed/002/motor/run02_epochs.npz,002,motor,run02,TT,"(1, 10, 7, 1)",10,7,2942100,12607,0.9957149655008327,233.37034980566352,0.38777967332556357,38.77796733255636,0.8496269249555193,84.96269249555193,0.6346234530001311,Success
../data/preprocessed/002/motor/run02_epochs.npz,002,motor,run02,TT,"(1, 10, 10, 1)",10,10,2942100,17710,0.9939804901261005,166.12648221343875,0.340362903,34.03629027,0.8841530944988075,88.41530944988075,0.7338255539998499,Success
../data/preprocessed/002/motor/run02_epochs.npz,002,motor,run02,TT,"(1, 10, 15, 1)",10,15,2942100,26215,0.9910896978348799,112.22963951935914,0.3302198943827479,33.02198943827479,0.8909548213538468,89.09548213538469,0.709500997,Success
../data/preprocessed/002/motor/run02_epochs.npz,002,motor,run02,TT,"(1, 15, 10, 1)",15,10,2942100,19560,0.993351688,150.41411042944785,0.28875443897256164,28.875443897256165,0.9166208739736412,91.66208739736412,0.7364851510001245,Success
../data/preprocessed/002/motor/run02_epochs.npz,002,motor,run02,TT,"(1, 15, 15, 1)",15,15,2942100,28815,0.9902059753237483,102.10307131702238,0.25983945205678766,25.983945205678765,0.9324834591548283,93.24834591548283,0.8100440729995171,Success
../data/preprocessed/002/motor/run02_epochs.npz,002,motor,run02,TT,"(1, 15, 20, 1)",15,20,2942100,38070,0.9870602630773937,77.28132387706856,0.2564228195599257,25.64228195599257,0.9342473376089379,93.42473376089379,1.1437954909997643,Success
../data/preprocessed/002/motor/run02_epochs.npz,002,motor,run02,TT,"(1, 20, 15, 1)",20,15,2942100,31415,0.9893222528126169,93.65271367181283,0.22018959995031084,22.018959995031086,0.9515165400737221,95.15165400737222,0.7883882679998351,Success
../data/preprocessed/002/motor/run02_epochs.npz,002,motor,run02,TT,"(1, 20, 20, 1)",20,20,2942100,41420,0.9859216206111281,71.03090294543699,0.21485790002115374,21.485790002115372,0.953836083,95.38360828,0.8532049440000264,Success
../data/preprocessed/002/motor/run03_epochs.npz,002,motor,run03,TT,"(1, 3, 3, 1)",3,3,3110220,4695,0.9984904604818952,662.4536741214057,0.5941721496413916,59.41721496413916,0.6469594565905277,64.69594565905277,1.1622578570004407,Success
../data/preprocessed/002/motor/run03_epochs.npz,002,motor,run03,TT,"(1, 3, 5, 1)",3,5,3110220,7677,0.9975316858614504,405.1348182883939,0.5673322039248967,56.73322039248967,0.6781341703897193,67.81341703897193,1.3770808380004382,Success
../data/preprocessed/002/motor/run03_epochs.npz,002,motor,run03,TT,"(1, 5, 3, 1)",5,3,3110220,5023,0.9983850017040595,619.1956997810074,0.5699111613126177,56.99111613126176,0.6752012682113036,67.52012682113036,0.7142294320001383,Success
../data/preprocessed/002/motor/run03_epochs.npz,002,motor,run03,TT,"(1, 5, 5, 1)",5,5,3110220,8125,0.9973876446039187,382.79630769230766,0.5024586425975096,50.24586425975096,0.747535312,74.75353125,0.6526124030006031,Success
../data/preprocessed/002/motor/run03_epochs.npz,002,motor,run03,TT,"(1, 5, 7, 1)",5,7,3110220,11227,0.9963902875037779,277.03037320744636,0.4893722237941295,48.93722237941295,0.7605148265787884,76.05148265787885,0.6286741209996762,Success
../data/preprocessed/002/motor/run03_epochs.npz,002,motor,run03,TT,"(1, 7, 5, 1)",7,5,3110220,8573,0.9972436033463871,362.7924880438586,0.4828746044412217,48.28746044412217,0.7668321163857337,76.68321163857337,0.9479172780002045,Success
../data/preprocessed/002/motor/run03_epochs.npz,002,motor,run03,TT,"(1, 7, 7, 1)",7,7,3110220,11795,0.9962076637665502,263.6896990250106,0.4454073251937556,44.54073251937556,0.801612315,80.16123147,0.675601544,Success
../data/preprocessed/002/motor/run03_epochs.npz,002,motor,run03,TT,"(1, 7, 10, 1)",7,10,3110220,16628,0.994653754,187.04714938657685,0.4251358901770381,42.513589017703815,0.8192594748833774,81.92594748833774,0.6778791400001865,Success
../data/preprocessed/002/motor/run03_epochs.npz,002,motor,run03,TT,"(1, 10, 7, 1)",10,7,3110220,12647,0.9959337281607089,245.92551593263224,0.40112608125632787,40.11260812563279,0.8390978669359419,83.90978669359419,0.7640045079997435,Success
../data/preprocessed/002/motor/run03_epochs.npz,002,motor,run03,TT,"(1, 10, 10, 1)",10,10,3110220,17750,0.9942930082116378,175.22366197183098,0.35279187961491254,35.27918796149125,0.87553789,87.55378897,0.7161476360006418,Success
../data/preprocessed/002/motor/run03_epochs.npz,002,motor,run03,TT,"(1, 10, 15, 1)",10,15,3110220,26255,0.9915584749631858,118.46200723671681,0.3435070469438163,34.350704694381626,0.8820029086999388,88.20029086999388,0.6695307849995515,Success
../data/preprocessed/002/motor/run03_epochs.npz,002,motor,run03,TT,"(1, 15, 10, 1)",15,10,3110220,19620,0.9936917645697089,158.52293577981652,0.2879644203092827,28.796442030928272,0.9170764926359387,91.70764926359386,0.9581184310000026,Success
../data/preprocessed/002/motor/run03_epochs.npz,002,motor,run03,TT,"(1, 15, 15, 1)",15,15,3110220,28875,0.9907160908231573,107.71324675324675,0.2631435600602876,26.31435600602876,0.9307554667987978,93.07554667987978,0.7402547740002774,Success
../data/preprocessed/002/motor/run03_epochs.npz,002,motor,run03,TT,"(1, 15, 20, 1)",15,20,3110220,38130,0.9877404170766055,81.56884343036978,0.26015403771714324,26.015403771714325,0.9323198766594673,93.23198766594672,0.9878076679997321,Success
../data/preprocessed/002/motor/run03_epochs.npz,002,motor,run03,TT,"(1, 20, 15, 1)",20,15,3110220,31495,0.9898737066831286,98.75281790760438,0.2219955565030206,22.19955565030206,0.9507179728929142,95.07179728929141,0.9432212609999624,Success
../data/preprocessed/002/motor/run03_epochs.npz,002,motor,run03,TT,"(1, 20, 20, 1)",20,20,3110220,41500,0.986656892,74.94506024096385,0.2171275132414251,21.71275132414251,0.9528556429935948,95.28556429935948,0.8662097939995874,Success
../data/preprocessed/002/rest/run01_epochs.npz,002,rest,run01,TT,"(1, 3, 3, 1)",3,3,42030,4294,0.8978348798477278,9.788076385654401,0.2677041837149715,26.77041837149715,0.9283344700215008,92.83344700215008,0.072591535,Success
../data/preprocessed/002/rest/run01_epochs.npz,002,rest,run01,TT,"(1, 3, 5, 1)",3,5,42030,7156,0.8297406614323103,5.873392956959195,0.16258513662659185,16.258513662659187,0.9735660733481125,97.35660733481126,0.006212979,Success
../data/preprocessed/002/rest/run01_epochs.npz,002,rest,run01,TT,"(1, 5, 3, 1)",5,3,42030,4294,0.8978348798477278,9.788076385654401,0.2677041837149715,26.77041837149715,0.9283344700215008,92.83344700215008,0.007266635,Success
../data/preprocessed/002/rest/run01_epochs.npz,002,rest,run01,TT,"(1, 5, 5, 1)",5,5,42030,7156,0.8297406614323103,5.873392956959195,0.16258513662659185,16.258513662659187,0.9735660733481125,97.35660733481126,0.005024712,Success
../data/preprocessed/002/rest/run01_epochs.npz,002,rest,run01,TT,"(1, 5, 7, 1)",5,7,42030,10018,0.7616464430168927,4.195448193252147,0.12875666128945107,12.875666128945106,0.9834217221735936,98.34217221735936,0.005022011,Success
../data/preprocessed/002/rest/run01_epochs.npz,002,rest,run01,TT,"(1, 7, 5, 1)",7,5,42030,7156,0.8297406614323103,5.873392956959195,0.16258513662659185,16.258513662659187,0.9735660733481125,97.35660733481126,0.010598246999506955,Success
../data/preprocessed/002/rest/run01_epochs.npz,002,rest,run01,TT,"(1, 7, 7, 1)",7,7,42030,10018,0.7616464430168927,4.195448193252147,0.12875666128945107,12.875666128945106,0.9834217221735936,98.34217221735936,0.005237136,Success
../data/preprocessed/002/rest/run01_epochs.npz,002,rest,run01,TT,"(1, 7, 10, 1)",7,10,42030,14311,0.6595051153937663,2.936901684019286,0.095249763,9.524976280416352,0.9909274826857506,99.09274826857506,0.010210980999545427,Success
../data/preprocessed/002/rest/run01_epochs.npz,002,rest,run01,TT,"(1, 10, 7, 1)",10,7,42030,10018,0.7616464430168927,4.195448193252147,0.12875666128945107,12.875666128945106,0.9834217221735936,98.34217221735936,0.005053887,Success
../data/preprocessed/002/rest/run01_epochs.npz,002,rest,run01,TT,"(1, 10, 10, 1)",10,10,42030,14311,0.6595051153937663,2.936901684019286,0.095249763,9.524976280416352,0.9909274826857506,99.09274826857506,0.008045056,Success
../data/preprocessed/002/rest/run01_epochs.npz,002,rest,run01,TT,"(1, 10, 15, 1)",10,15,42030,21466,0.4892695693552225,1.9579800614925928,0.060111294,6.011129416,0.9963866323142045,99.63866323142045,0.005280281,Success
../data/preprocessed/002/rest/run01_epochs.npz,002,rest,run01,TT,"(1, 15, 10, 1)",15,10,42030,14311,0.6595051153937663,2.936901684019286,0.095249763,9.524976280416352,0.9909274826857506,99.09274826857506,0.007812079,Success
../data/preprocessed/002/rest/run01_epochs.npz,002,rest,run01,TT,"(1, 15, 15, 1)",15,15,42030,21466,0.4892695693552225,1.9579800614925928,0.060111294,6.011129416,0.9963866323142045,99.63866323142045,0.005208747,Success
../data/preprocessed/002/rest/run01_epochs.npz,002,rest,run01,TT,"(1, 15, 20, 1)",15,20,42030,28621,0.3190340233166785,1.4685021487718808,0.035760789,3.576078932417056,0.9987211659469123,99.87211659469124,0.005231179,Success
../data/preprocessed/002/rest/run01_epochs.npz,002,rest,run01,TT,"(1, 20, 15, 1)",20,15,42030,21466,0.4892695693552225,1.9579800614925928,0.060111294,6.011129416,0.9963866323142045,99.63866323142045,0.005139139,Success
../data/preprocessed/002/rest/run01_epochs.npz,002,rest,run01,TT,"(1, 20, 20, 1)",20,20,42030,28621,0.3190340233166785,1.4685021487718808,0.035760789,3.576078932417056,0.9987211659469123,99.87211659469124,0.017072166000616562,Success
../data/preprocessed/002/somatosensory/run01_epochs.npz,002,somatosensory,run01,TT,"(1, 3, 3, 1)",3,3,8448030,5076,0.9993991498609736,1664.3085106382978,0.5714741253191213,57.14741253191213,0.6734173240907453,67.34173240907452,1.9434695459995055,Success
../data/preprocessed/002/somatosensory/run01_epochs.npz,002,somatosensory,run01,TT,"(1, 3, 5, 1)",3,5,8448030,8058,0.9990461681599142,1048.4028294862248,0.5695266355219566,56.95266355219566,0.6756394114310407,67.56394114310407,3.6860504950000177,Success
../data/preprocessed/002/somatosensory/run01_epochs.npz,002,somatosensory,run01,TT,"(1, 5, 3, 1)",5,3,8448030,5658,0.9993302580601632,1493.1124072110285,0.5314163083659775,53.141630836597756,0.7175967072026764,71.75967072026765,2.989099351999357,Success
../data/preprocessed/002/somatosensory/run01_epochs.npz,002,somatosensory,run01,TT,"(1, 5, 5, 1)",5,5,8448030,8760,0.9989630718640914,964.3869863013699,0.5112219861575444,51.12219861575444,0.7386520808691357,73.86520808691357,2.5857433799992577,Success
../data/preprocessed/002/somatosensory/run01_epochs.npz,002,somatosensory,run01,TT,"(1, 5, 7, 1)",5,7,8448030,11862,0.9985958856680196,712.1927162367223,0.5040951483542786,50.409514835427856,0.7458880814056781,74.58880814,2.7556499950005673,Success
../data/preprocessed/002/somatosensory/run01_epochs.npz,002,somatosensory,run01,TT,"(1, 7, 5, 1)",7,5,8448030,9462,0.9988799755682686,892.8376664552949,0.47600421187425007,47.600421187425006,0.7734199902779743,77.34199902779743,2.387911408999571,Success
../data/preprocessed/002/somatosensory/run01_epochs.npz,002,somatosensory,run01,TT,"(1, 7, 7, 1)",7,7,8448030,12684,0.9984985848771843,666.0383159886471,0.4576028671125396,45.76028671125396,0.7905996160103835,79.05996160103835,2.5893979129996296,Success
../data/preprocessed/002/somatosensory/run01_epochs.npz,002,somatosensory,run01,TT,"(1, 7, 10, 1)",7,10,8448030,17517,0.9979264988405581,482.27607467032027,0.44872875020003195,44.87287502000319,0.7986425087439175,79.86425087439176,2.0555023150000125,Success
../data/preprocessed/002/somatosensory/run01_epochs.npz,002,somatosensory,run01,TT,"(1, 10, 7, 1)",10,7,8448030,13917,0.9983526336909315,607.0295322,0.40146818301231313,40.14681830123131,0.8388232980287921,83.88232980287921,2.397698835000483,Success
../data/preprocessed/002/somatosensory/run01_epochs.npz,002,somatosensory,run01,TT,"(1, 10, 10, 1)",10,10,8448030,19020,0.9977485875405272,444.1656151419558,0.3826208284407869,38.26208284407869,0.8536013016432861,85.36013016432861,2.504296830000385,Success
../data/preprocessed/002/somatosensory/run01_epochs.npz,002,somatosensory,run01,TT,"(1, 10, 15, 1)",10,15,8448030,27525,0.996741844,306.92207084468663,0.38009195087624664,38.00919508762466,0.8555301088790891,85.55301088790891,2.930689018000521,Success
../data/preprocessed/002/somatosensory/run01_epochs.npz,002,somatosensory,run01,TT,"(1, 15, 10, 1)",15,10,8448030,21525,0.9974520687071424,392.4752613240418,0.31198667704096267,31.198667704096266,0.9026643133489382,90.26643133489381,3.0116303539998626,Success
../data/preprocessed/002/somatosensory/run01_epochs.npz,002,somatosensory,run01,TT,"(1, 15, 15, 1)",15,15,8448030,30780,0.9963565470293074,274.46491228070175,0.3018178198222006,30.18178198222006,0.9089060036377737,90.89060036377738,2.715725907999513,Success
../data/preprocessed/002/somatosensory/run01_epochs.npz,002,somatosensory,run01,TT,"(1, 15, 20, 1)",15,20,8448030,40035,0.9952610253514724,211.01611090295992,0.30103919061065093,30.103919061065092,0.9093754057164842,90.93754057164843,2.9883876789999704,Success
../data/preprocessed/002/somatosensory/run01_epochs.npz,002,somatosensory,run01,TT,"(1, 20, 15, 1)",20,15,8448030,34035,0.9959712501020949,248.21595416483032,0.2601894085515221,26.018940855152213,0.9323014716776091,93.23014716776092,5.600088740000501,Success
../data/preprocessed/002/somatosensory/run01_epochs.npz,002,somatosensory,run01,TT,"(1, 20, 20, 1)",20,20,8448030,44040,0.9947869503304321,191.82629427792915,0.25898217178029215,25.898217178029213,0.9329282346999633,93.29282346999634,3.887193432999993,Success
../data/preprocessed/002/somatosensory/run02_epochs.npz,002,somatosensory,run02,TT,"(1, 3, 3, 1)",3,3,8574120,5085,0.9994069362220263,1686.1592920353983,0.5112107478526738,51.12107478526738,0.738663571,73.86635713,4.672614128000532,Success
../data/preprocessed/002/somatosensory/run02_epochs.npz,002,somatosensory,run02,TT,"(1, 3, 5, 1)",3,5,8574120,8067,0.9990591454283355,1062.8635180364447,0.5059167929224053,50.591679292240535,0.7440481986391081,74.40481986,3.7411060819995328,Success
../data/preprocessed/002/somatosensory/run02_epochs.npz,002,somatosensory,run02,TT,"(1, 5, 3, 1)",5,3,8574120,5673,0.9993383577556647,1511.390798519302,0.4737549450438178,47.375494504381784,0.7755562520465293,77.55562520465293,5.308150357999693,Success
../data/preprocessed/002/somatosensory/run02_epochs.npz,002,somatosensory,run02,TT,"(1, 5, 5, 1)",5,5,8574120,8775,0.998976571,977.1076923076923,0.44988699308635083,44.988699308635084,0.7976016934517218,79.76016934517219,3.378369854000084,Success
../data/preprocessed/002/somatosensory/run02_epochs.npz,002,somatosensory,run02,TT,"(1, 5, 7, 1)",5,7,8574120,11877,0.9986147849575233,721.9095731245264,0.4432151318537557,44.32151318537557,0.8035603468958581,80.35603468958581,3.145720192999761,Success
../data/preprocessed/002/somatosensory/run02_epochs.npz,002,somatosensory,run02,TT,"(1, 7, 5, 1)",7,5,8574120,9483,0.9988939972848525,904.1569123695033,0.41335145078958124,41.33514507895812,0.8291405781301484,82.91405781301484,5.441344594999464,Success
../data/preprocessed/002/somatosensory/run02_epochs.npz,002,somatosensory,run02,TT,"(1, 7, 7, 1)",7,7,8574120,12705,0.998518215,674.8618654073199,0.3971203441479149,39.71203441479149,0.8422954322638417,84.22954322638418,4.995534644000145,Success
../data/preprocessed/002/somatosensory/run02_epochs.npz,002,somatosensory,run02,TT,"(1, 7, 10, 1)",7,10,8574120,17538,0.997954542,488.88812863496406,0.3902894465043139,39.02894465043139,0.8476741479473563,84.76741479473563,3.1677524870001434,Success
../data/preprocessed/002/somatosensory/run02_epochs.npz,002,somatosensory,run02,TT,"(1, 10, 7, 1)",10,7,8574120,13947,0.9983733607647198,614.7644654764465,0.35707693637641724,35.707693637641725,0.8724960615080322,87.24960615080322,3.0330042599998706,Success
../data/preprocessed/002/somatosensory/run02_epochs.npz,002,somatosensory,run02,TT,"(1, 10, 10, 1)",10,10,8574120,19050,0.9977781976459392,450.08503937007873,0.3351744807951241,33.517448079512405,0.887658067,88.76580674,6.5697968610002135,Success
../data/preprocessed/002/somatosensory/run02_epochs.npz,002,somatosensory,run02,TT,"(1, 10, 15, 1)",10,15,8574120,27555,0.996786259,311.1638541099619,0.3329150550843607,33.29150550843607,0.8891675660981772,88.91675660981771,3.2809516960005567,Success
../data/preprocessed/002/somatosensory/run02_epochs.npz,002,somatosensory,run02,TT,"(1, 15, 10, 1)",15,10,8574120,21570,0.99748429,397.5020862308762,0.27791044970338286,27.791044970338284,0.9227657819456636,92.27657819456635,2.931874242000049,Success
../data/preprocessed/002/somatosensory/run02_epochs.npz,002,somatosensory,run02,TT,"(1, 15, 15, 1)",15,15,8574120,30825,0.9964048788680354,278.15474452554747,0.26678864892027376,26.678864892027377,0.9288238168072949,92.88238168072948,5.0074200980006935,Success
../data/preprocessed/002/somatosensory/run02_epochs.npz,002,somatosensory,run02,TT,"(1, 15, 20, 1)",15,20,8574120,40080,0.9953254678031098,213.9251497005988,0.2660785127048083,26.607851270480833,0.9292022250767972,92.92022250767971,8.309131134000381,Success
../data/preprocessed/002/somatosensory/run02_epochs.npz,002,somatosensory,run02,TT,"(1, 20, 15, 1)",20,15,8574120,34095,0.9960234986214329,251.47734271887373,0.2289511083423102,22.89511083423102,0.9475813899888278,94.75813899888279,7.007405600999846,Success
../data/preprocessed/002/somatosensory/run02_epochs.npz,002,somatosensory,run02,TT,"(1, 20, 20, 1)",20,20,8574120,44100,0.9948566150228828,194.42448979591836,0.22773822103018163,22.773822103018162,0.9481353026820081,94.81353026820081,2.6504052380005305,Success
../data/preprocessed/005/auditory/run01_epochs.npz,005,auditory,run01,TT,"(1, 3, 3, 1)",3,3,8406000,5073,0.9993965024982155,1657.0076877587226,0.46261135208760723,46.26113520876072,0.7859907369196761,78.59907369196762,1.9657729110003856,Success
../data/preprocessed/005/auditory/run01_epochs.npz,005,auditory,run01,TT,"(1, 3, 5, 1)",3,5,8406000,8055,0.999041756,1043.5754189944134,0.4610433612514372,46.10433612514372,0.787439019,78.7439019,3.0107751300001837,Success
../data/preprocessed/005/auditory/run01_epochs.npz,005,auditory,run01,TT,"(1, 5, 3, 1)",5,3,8406000,5653,0.9993275041636926,1486.9980541305501,0.41781324258666547,41.781324258666544,0.8254320943192164,82.54320943192164,2.3111080290000245,Success
../data/preprocessed/005/auditory/run01_epochs.npz,005,auditory,run01,TT,"(1, 5, 5, 1)",5,5,8406000,8755,0.9989584820366405,960.1370645345517,0.3939017206274073,39.39017206274073,0.8448414344867681,84.48414345,2.1952716709993183,Success
../data/preprocessed/005/auditory/run01_epochs.npz,005,auditory,run01,TT,"(1, 5, 7, 1)",5,7,8406000,11857,0.9985894599095884,708.9483005819347,0.3927044320246294,39.27044320246294,0.8457832290682133,84.57832290682134,2.6709159609999915,Success
../data/preprocessed/005/auditory/run01_epochs.npz,005,auditory,run01,TT,"(1, 7, 5, 1)",7,5,8406000,9455,0.998875208,889.0534109,0.3470302308224695,34.70302308224695,0.8795700188953037,87.95700188953037,2.152980476999801,Success
../data/preprocessed/005/auditory/run01_epochs.npz,005,auditory,run01,TT,"(1, 7, 7, 1)",7,7,8406000,12677,0.9984919105400905,663.0906366,0.34304820584003537,34.30482058400354,0.8823179284699327,88.23179284699327,1.981457541999589,Success
../data/preprocessed/005/auditory/run01_epochs.npz,005,auditory,run01,TT,"(1, 7, 10, 1)",7,10,8406000,17510,0.997916964,480.0685322672758,0.34136482584132366,34.13648258413237,0.8834700556783228,88.34700556783228,1.9454150519995892,Success
../data/preprocessed/005/auditory/run01_epochs.npz,005,auditory,run01,TT,"(1, 10, 7, 1)",10,7,8406000,13907,0.9983455864858435,604.4438052779176,0.2928260389679956,29.282603896799557,0.914252911,91.42529109,2.4114930300002015,Success
../data/preprocessed/005/auditory/run01_epochs.npz,005,auditory,run01,TT,"(1, 10, 10, 1)",10,10,8406000,19010,0.9977385201046871,442.18832193582324,0.2866312612825031,28.663126128250312,0.9178425200556015,91.78425200556015,2.2724776289996953,Success
../data/preprocessed/005/auditory/run01_epochs.npz,005,auditory,run01,TT,"(1, 10, 15, 1)",10,15,8406000,27515,0.996726743,305.50608758858806,0.2861936549260612,28.619365492606118,0.9180931918800627,91.80931918800627,2.683770235999873,Success
../data/preprocessed/005/auditory/run01_epochs.npz,005,auditory,run01,TT,"(1, 15, 10, 1)",15,10,8406000,21510,0.997441113,390.7949790794979,0.22297729322209817,22.29772932220982,0.9502811267073465,95.02811267073466,3.892418323000129,Success
../data/preprocessed/005/auditory/run01_epochs.npz,005,auditory,run01,TT,"(1, 15, 15, 1)",15,15,8406000,30765,0.9963401142041399,273.2325694783033,0.22175697797052016,22.175697797052017,0.9508238427213823,95.08238427213823,2.112017294999532,Success
../data/preprocessed/005/auditory/run01_epochs.npz,005,auditory,run01,TT,"(1, 15, 20, 1)",15,20,8406000,40020,0.9952391149179157,210.04497751124438,0.22144787977810124,22.144787977810125,0.9509608365417836,95.09608365417836,2.2634919960000843,Success
../data/preprocessed/005/auditory/run01_epochs.npz,005,auditory,run01,TT,"(1, 20, 15, 1)",20,15,8406000,34015,0.9959534856055199,247.12626782301925,0.17823058776507844,17.823058776507843,0.9682338575849148,96.82338575849147,2.5423526859995036,Success
../data/preprocessed/005/auditory/run01_epochs.npz,005,auditory,run01,TT,"(1, 20, 20, 1)",20,20,8406000,44020,0.9947632643349988,190.95865515674694,0.17764547800794578,17.764547800794578,0.9684420841433284,96.84420841433284,2.523903715000415,Success
../data/preprocessed/005/auditory/run02_epochs.npz,005,auditory,run02,TT,"(1, 3, 3, 1)",3,3,8406000,5073,0.9993965024982155,1657.0076877587226,0.42733570043493996,42.73357004,0.8173841991337792,81.73841991337792,2.2246362910000244,Success
../data/preprocessed/005/auditory/run02_epochs.npz,005,auditory,run02,TT,"(1, 3, 5, 1)",3,5,8406000,8055,0.999041756,1043.5754189944134,0.42533520109652356,42.53352010965236,0.8190899667081799,81.90899667081798,2.126688512000328,Success
../data/preprocessed/005/auditory/run02_epochs.npz,005,auditory,run02,TT,"(1, 5, 3, 1)",5,3,8406000,5653,0.9993275041636926,1486.9980541305501,0.33808366666738315,33.808366666738316,0.8856994343327378,88.56994343327378,1.9727356960001998,Success
../data/preprocessed/005/auditory/run02_epochs.npz,005,auditory,run02,TT,"(1, 5, 5, 1)",5,5,8406000,8755,0.9989584820366405,960.1370645345517,0.3324960163539858,33.24960163539858,0.889446399,88.94463991087301,2.1689268700001776,Success
../data/preprocessed/005/auditory/run02_epochs.npz,005,auditory,run02,TT,"(1, 5, 7, 1)",5,7,8406000,11857,0.9985894599095884,708.9483005819347,0.33153525804657397,33.1535258,0.8900843726719916,89.00843726719916,1.9986147509998773,Success
../data/preprocessed/005/auditory/run02_epochs.npz,005,auditory,run02,TT,"(1, 7, 5, 1)",7,5,8406000,9455,0.998875208,889.0534109,0.28097143787139767,28.097143787139768,0.9210550511004794,92.10550511004794,3.917894617999991,Success
../data/preprocessed/005/auditory/run02_epochs.npz,005,auditory,run02,TT,"(1, 7, 7, 1)",7,7,8406000,12677,0.9984919105400905,663.0906366,0.27903933759347643,27.903933759347645,0.9221370480753939,92.21370480753939,3.702342014000351,Success
../data/preprocessed/005/auditory/run02_epochs.npz,005,auditory,run02,TT,"(1, 7, 10, 1)",7,10,8406000,17510,0.997916964,480.0685322672758,0.27829410571027796,27.829410571027797,0.9225523907269166,92.25523907269167,2.0278975410001294,Success
../data/preprocessed/005/auditory/run02_epochs.npz,005,auditory,run02,TT,"(1, 10, 7, 1)",10,7,8406000,13907,0.9983455864858435,604.4438052779176,0.22753884600420013,22.75388460042001,0.9482260735590768,94.82260735590768,3.0487004460001117,Success
../data/preprocessed/005/auditory/run02_epochs.npz,005,auditory,run02,TT,"(1, 10, 10, 1)",10,10,8406000,19010,0.9977385201046871,442.18832193582324,0.22610029307489865,22.610029307489864,0.948878657,94.88786575,2.445325946999219,Success
../data/preprocessed/005/auditory/run02_epochs.npz,005,auditory,run02,TT,"(1, 10, 15, 1)",10,15,8406000,27515,0.996726743,305.50608758858806,0.22564821763035658,22.56482176303566,0.9490828818802433,94.90828818802433,3.5716597609998644,Success
../data/preprocessed/005/auditory/run02_epochs.npz,005,auditory,run02,TT,"(1, 15, 10, 1)",15,10,8406000,21510,0.997441113,390.7949790794979,0.17030323980508014,17.030323980508015,0.9709968065118934,97.09968065118933,3.3580504829997153,Success
../data/preprocessed/005/auditory/run02_epochs.npz,005,auditory,run02,TT,"(1, 15, 15, 1)",15,15,8406000,30765,0.9963401142041399,273.2325694783033,0.16934990464451238,16.93499046445124,0.9713206097968946,97.13206097968946,2.690961629999947,Success
../data/preprocessed/005/auditory/run02_epochs.npz,005,auditory,run02,TT,"(1, 15, 20, 1)",15,20,8406000,40020,0.9952391149179157,210.04497751124438,0.16903851783847854,16.903851783847852,0.9714259794869704,97.14259794869704,2.9890325480000683,Success
../data/preprocessed/005/auditory/run02_epochs.npz,005,auditory,run02,TT,"(1, 20, 15, 1)",20,15,8406000,34015,0.9959534856055199,247.12626782301925,0.13354286776915417,13.354286776915417,0.9821663024679902,98.21663024679901,3.4900188360006723,Success
../data/preprocessed/005/auditory/run02_epochs.npz,005,auditory,run02,TT,"(1, 20, 20, 1)",20,20,8406000,44020,0.9947632643349988,190.95865515674694,0.13297478963290357,13.297478963290358,0.9823177053220851,98.23177053,4.150036234000254,Success
../data/preprocessed/005/motor/run01_epochs.npz,005,motor,run01,TT,"(1, 3, 3, 1)",3,3,3278340,4707,0.9985642123757755,696.4818355640535,0.4675663257688606,46.75663257688606,0.7813817310070077,78.13817310070077,0.8683963769999536,Success
../data/preprocessed/005/motor/run01_epochs.npz,005,motor,run01,TT,"(1, 3, 5, 1)",3,5,3278340,7689,0.9976546056845843,426.36753804135776,0.45448234489151074,45.448234489151076,0.7934457981819139,79.34457981819139,0.6487304720003522,Success
../data/preprocessed/005/motor/run01_epochs.npz,005,motor,run01,TT,"(1, 5, 3, 1)",5,3,3278340,5043,0.9984617214809934,650.0773349196907,0.41897316084432185,41.897316084432184,0.8244614904921179,82.44614905,1.094162891000451,Success
../data/preprocessed/005/motor/run01_epochs.npz,005,motor,run01,TT,"(1, 5, 5, 1)",5,5,3278340,8145,0.9975155108988085,402.49723756906076,0.3832002109487509,38.32002109487509,0.8531575983288326,85.31575983288326,0.6981251840006735,Success
../data/preprocessed/005/motor/run01_epochs.npz,005,motor,run01,TT,"(1, 5, 7, 1)",5,7,3278340,11247,0.9965693003166236,291.4857295278741,0.374188367,37.418836689615794,0.8599830660795862,85.99830660795863,0.7808260149995476,Success
../data/preprocessed/005/motor/run01_epochs.npz,005,motor,run01,TT,"(1, 7, 5, 1)",7,5,3278340,8601,0.9973764161130328,381.1580048831531,0.33742218729252993,33.74221872925299,0.8861462675227249,88.61462675227249,0.8852651110000807,Success
../data/preprocessed/005/motor/run01_epochs.npz,005,motor,run01,TT,"(1, 7, 7, 1)",7,7,3278340,11823,0.9963936016398544,277.2849530575996,0.3214382435840065,32.14382435840065,0.8966774555616288,89.66774555616288,0.7826648019999993,Success
../data/preprocessed/005/motor/run01_epochs.npz,005,motor,run01,TT,"(1, 7, 10, 1)",7,10,3278340,16656,0.9949193799300866,196.8263688760807,0.3160666904843904,31.60666904843904,0.9001018471662445,90.01018471662445,0.6393961789999594,Success
../data/preprocessed/005/motor/run01_epochs.npz,005,motor,run01,TT,"(1, 10, 7, 1)",10,7,3278340,12687,0.9961300536247003,258.4015133601324,0.2642554320697954,26.42554320697954,0.9301690666216057,93.01690666216057,1.3153841220000686,Success
../data/preprocessed/005/motor/run01_epochs.npz,005,motor,run01,TT,"(1, 10, 10, 1)",10,10,3278340,17790,0.994573473,184.27993254637437,0.24830422841919123,24.830422841919123,0.9383450101491501,93.83450101,3.2873570239999026,Success
../data/preprocessed/005/motor/run01_epochs.npz,005,motor,run01,TT,"(1, 10, 15, 1)",10,15,3278340,26295,0.9919791723860246,124.67541357672562,0.24550219828020714,24.550219828020715,0.9397286706395859,93.97286706395859,1.1037955319998218,Success
../data/preprocessed/005/motor/run01_epochs.npz,005,motor,run01,TT,"(1, 15, 10, 1)",15,10,3278340,19680,0.9939969618770476,166.58231707317074,0.18951604111437648,18.951604111437646,0.9640836701603339,96.40836702,1.2383079109995379,Success
../data/preprocessed/005/motor/run01_epochs.npz,005,motor,run01,TT,"(1, 15, 15, 1)",15,15,3278340,28935,0.9911738867841652,113.30015552099533,0.18320154302016553,18.320154302016554,0.9664371946350304,96.64371946350305,0.7898538310000731,Success
../data/preprocessed/005/motor/run01_epochs.npz,005,motor,run01,TT,"(1, 15, 20, 1)",15,20,3278340,38190,0.9883508116912828,85.84289080911233,0.1824396595379652,18.243965953796522,0.9667157706276713,96.67157706276713,0.957598798,Success
../data/preprocessed/005/motor/run01_epochs.npz,005,motor,run01,TT,"(1, 20, 15, 1)",20,15,3278340,31575,0.9903686011823056,103.8270783847981,0.14273701154579083,14.273701154579083,0.9796261455349767,97.96261455349767,1.343345901000248,Success
../data/preprocessed/005/motor/run01_epochs.npz,005,motor,run01,TT,"(1, 20, 20, 1)",20,20,3278340,41580,0.9873167517707132,78.84415584415585,0.14141291562442082,14.141291562442081,0.9800023872946004,98.00023872946004,3.021186258999478,Success
../data/preprocessed/005/motor/run02_epochs.npz,005,motor,run02,TT,"(1, 3, 3, 1)",3,3,3866760,4749,0.9987718399900692,814.2261528742894,0.5519375202810437,55.19375202810437,0.6953649737060124,69.53649737060124,1.4332653470000878,Success
../data/preprocessed/005/motor/run02_epochs.npz,005,motor,run02,TT,"(1, 3, 5, 1)",3,5,3866760,7731,0.998000652,500.1629802,0.5250869167523788,52.508691675237884,0.7242837298554803,72.42837298554802,0.8492934799996874,Success
../data/preprocessed/005/motor/run02_epochs.npz,005,motor,run02,TT,"(1, 5, 3, 1)",5,3,3866760,5113,0.9986777043312748,756.2605124193233,0.4834563345014207,48.345633450142074,0.7662699726304503,76.62699726304503,0.7936834579995775,Success
../data/preprocessed/005/motor/run02_epochs.npz,005,motor,run02,TT,"(1, 5, 5, 1)",5,5,3866760,8215,0.9978754823159441,470.6950699939136,0.4190447886047992,41.90447886047992,0.8244014651431593,82.44014651431593,0.8041626730000644,Success
../data/preprocessed/005/motor/run02_epochs.npz,005,motor,run02,TT,"(1, 5, 7, 1)",5,7,3866760,11317,0.9970732603006134,341.67712291243265,0.40465100807102033,40.46510080710203,0.8362575616671071,83.62575617,0.9160856140006217,Success
../data/preprocessed/005/motor/run02_epochs.npz,005,motor,run02,TT,"(1, 7, 5, 1)",7,5,3866760,8699,0.9977503129234812,444.50626508794113,0.3564008655912128,35.64008655912128,0.8729784230058343,87.29784230058343,0.9198288839997986,Success
../data/preprocessed/005/motor/run02_epochs.npz,005,motor,run02,TT,"(1, 7, 7, 1)",7,7,3866760,11921,0.996917057,324.3654055867796,0.3337178163413784,33.37178163413784,0.888632419,88.86324190563421,0.851190973,Success
../data/preprocessed/005/motor/run02_epochs.npz,005,motor,run02,TT,"(1, 7, 10, 1)",7,10,3866760,16754,0.9956671735509832,230.79622776650353,0.32876641945630186,32.87664194563018,0.891912641,89.19126414,0.7545285789992704,Success
../data/preprocessed/005/motor/run02_epochs.npz,005,motor,run02,TT,"(1, 10, 7, 1)",10,7,3866760,12827,0.9966827524852848,301.4547438995868,0.2726017699447602,27.26017699447602,0.925688275,92.5688275,0.8993893970000499,Success
../data/preprocessed/005/motor/run02_epochs.npz,005,motor,run02,TT,"(1, 10, 10, 1)",10,10,3866760,17930,0.995363043,215.65867261572782,0.26360019378712674,26.360019378712675,0.9305149378353892,93.05149378353892,1.380929854999522,Success
../data/preprocessed/005/motor/run02_epochs.npz,005,motor,run02,TT,"(1, 10, 15, 1)",10,15,3866760,26435,0.9931635270872772,146.27425761301305,0.2616275403712622,26.162754037126216,0.9315510301192835,93.15510301192835,0.8586955769997076,Success
../data/preprocessed/005/motor/run02_epochs.npz,005,motor,run02,TT,"(1, 15, 10, 1)",15,10,3866760,19890,0.9948561586444465,194.40723981900453,0.19870784911762998,19.87078491,0.9605151906990451,96.05151906990451,1.1559736859999248,Success
../data/preprocessed/005/motor/run02_epochs.npz,005,motor,run02,TT,"(1, 15, 15, 1)",15,15,3866760,29145,0.9924626819352637,132.6731857951621,0.19409278252885684,19.409278252885684,0.9623279917702059,96.23279918,1.7823635060003653,Success
../data/preprocessed/005/motor/run02_epochs.npz,005,motor,run02,TT,"(1, 15, 20, 1)",15,20,3866760,38400,0.9900692052260808,100.696875,0.19339501856830493,19.339501856830495,0.962598367,96.25983668,3.142957992999982,Success
../data/preprocessed/005/motor/run02_epochs.npz,005,motor,run02,TT,"(1, 20, 15, 1)",20,15,3866760,31855,0.991761837,121.38628158844766,0.14982578449581985,14.982578449581984,0.9775522343002122,97.75522343002122,1.7045825720006178,Success
../data/preprocessed/005/motor/run02_epochs.npz,005,motor,run02,TT,"(1, 20, 20, 1)",20,20,3866760,41860,0.989174399,92.37362637362638,0.14867157504879425,14.867157504879424,0.9778967627725107,97.78967627725108,1.9307373139999982,Success
../data/preprocessed/005/motor/run03_epochs.npz,005,motor,run03,TT,"(1, 3, 3, 1)",3,3,3194280,4701,0.9985283068484917,679.4894703254627,0.529843043,52.98430427,0.7192663501032357,71.92663501032357,2.207619331999922,Success
../data/preprocessed/005/motor/run03_epochs.npz,005,motor,run03,TT,"(1, 3, 5, 1)",3,5,3194280,7683,0.9975947631391111,415.7594689574385,0.5152087208660613,51.520872086606126,0.7345599739435571,73.45599739,3.9649062189992037,Success
../data/preprocessed/005/motor/run03_epochs.npz,005,motor,run03,TT,"(1, 5, 3, 1)",5,3,3194280,5033,0.9984243710632756,634.6671965030797,0.43710205470893837,43.71020547089384,0.8089417937692241,80.89417937692241,5.233449941,Success
../data/preprocessed/005/motor/run03_epochs.npz,005,motor,run03,TT,"(1, 5, 5, 1)",5,5,3194280,8135,0.9974532602026122,392.65888137676706,0.4050197164788001,40.50197164788001,0.8359590292634325,83.59590292634324,4.279530301000705,Success
../data/preprocessed/005/motor/run03_epochs.npz,005,motor,run03,TT,"(1, 5, 7, 1)",5,7,3194280,11237,0.9964821493419488,284.2644834030435,0.3987486418767411,39.874864187674106,0.8409995206014544,84.09995206014544,0.5810952909996558,Success
../data/preprocessed/005/motor/run03_epochs.npz,005,motor,run03,TT,"(1, 7, 5, 1)",7,5,3194280,8587,0.9973117572661132,371.9902177710493,0.3489629936755089,34.896299367550895,0.8782248290450266,87.82248290450266,0.799716245,Success
../data/preprocessed/005/motor/run03_epochs.npz,005,motor,run03,TT,"(1, 7, 7, 1)",7,7,3194280,11809,0.9963030792541668,270.4953848759421,0.3379306994488257,33.79306994488257,0.8858028423700275,88.58028423700274,0.6260541920000833,Success
../data/preprocessed/005/motor/run03_epochs.npz,005,motor,run03,TT,"(1, 7, 10, 1)",7,10,3194280,16642,0.9947900622362473,191.9408724912871,0.33257731728400397,33.257731728400394,0.8893923280281749,88.93923280281749,0.6334605179999926,Success
../data/preprocessed/005/motor/run03_epochs.npz,005,motor,run03,TT,"(1, 10, 7, 1)",10,7,3194280,12667,0.9960344741224939,252.17336385884582,0.27992248869224046,27.992248869224046,0.9216434003243426,92.16434003243425,0.8222381909999967,Success
../data/preprocessed/005/motor/run03_epochs.npz,005,motor,run03,TT,"(1, 10, 10, 1)",10,10,3194280,17770,0.9944369310141878,179.75689364096792,0.27111545629958633,27.111545629958634,0.9264964093554671,92.64964094,0.800553577,Success
../data/preprocessed/005/motor/run03_epochs.npz,005,motor,run03,TT,"(1, 10, 15, 1)",10,15,3194280,26275,0.9917743591670111,121.57107516650808,0.26888173566416623,26.888173566416622,0.9277026122262254,92.77026122262254,0.7904397420006717,Success
../data/preprocessed/005/motor/run03_epochs.npz,005,motor,run03,TT,"(1, 15, 10, 1)",15,10,3194280,19650,0.9938483789774222,162.5587786259542,0.19927164765126903,19.927164765126903,0.9602908104423484,96.02908104423484,0.9762336620005954,Success
../data/preprocessed/005/motor/run03_epochs.npz,005,motor,run03,TT,"(1, 15, 15, 1)",15,15,3194280,28905,0.990951012,110.50960041515309,0.19430759037220757,19.430759037220756,0.9622445603237464,96.22445603237463,1.1255679240002792,Success
../data/preprocessed/005/motor/run03_epochs.npz,005,motor,run03,TT,"(1, 15, 20, 1)",15,20,3194280,38160,0.988053646,83.70754716981132,0.1934788690115585,19.34788690115585,0.9625659272460082,96.25659272460082,0.9845189320003556,Success
../data/preprocessed/005/motor/run03_epochs.npz,005,motor,run03,TT,"(1, 20, 15, 1)",20,15,3194280,31535,0.9901276657024431,101.29316632313302,0.14814213146042338,14.814213146042338,0.9780539088863627,97.80539088863627,0.9130503449996468,Success
../data/preprocessed/005/motor/run03_epochs.npz,005,motor,run03,TT,"(1, 20, 20, 1)",20,20,3194280,41540,0.9869955044642298,76.89648531535869,0.14661049497741396,14.661049497741397,0.9785053627624777,97.85053627624777,1.000666287999593,Success
../data/preprocessed/005/rest/run01_epochs.npz,005,rest,run01,TT,"(1, 3, 3, 1)",3,3,42030,4294,0.8978348798477278,9.788076385654401,0.093344181,9.334418145210897,0.9912868637890357,99.12868637890358,0.007342512,Success
../data/preprocessed/005/rest/run01_epochs.npz,005,rest,run01,TT,"(1, 3, 5, 1)",3,5,42030,7156,0.8297406614323103,5.873392956959195,0.048427494,4.842749367198076,0.9976547778566502,99.76547778566503,0.017810882000048878,Success
../data/preprocessed/005/rest/run01_epochs.npz,005,rest,run01,TT,"(1, 5, 3, 1)",5,3,42030,4294,0.8978348798477278,9.788076385654401,0.093344181,9.334418145210897,0.9912868637890357,99.12868637890358,0.005050608,Success
../data/preprocessed/005/rest/run01_epochs.npz,005,rest,run01,TT,"(1, 5, 5, 1)",5,5,42030,7156,0.8297406614323103,5.873392956959195,0.048427494,4.842749367198076,0.9976547778566502,99.76547778566503,0.009312746,Success
../data/preprocessed/005/rest/run01_epochs.npz,005,rest,run01,TT,"(1, 5, 7, 1)",5,7,42030,10018,0.7616464430168927,4.195448193252147,0.033195877,3.3195877069353843,0.9988980337455964,99.88980337455963,0.004861937,Success
../data/preprocessed/005/rest/run01_epochs.npz,005,rest,run01,TT,"(1, 7, 5, 1)",7,5,42030,7156,0.8297406614323103,5.873392956959195,0.048427494,4.842749367198076,0.9976547778566502,99.76547778566503,0.005430082,Success
../data/preprocessed/005/rest/run01_epochs.npz,005,rest,run01,TT,"(1, 7, 7, 1)",7,7,42030,10018,0.7616464430168927,4.195448193252147,0.033195877,3.3195877069353843,0.9988980337455964,99.88980337455963,0.006073396,Success
../data/preprocessed/005/rest/run01_epochs.npz,005,rest,run01,TT,"(1, 7, 10, 1)",7,10,42030,14311,0.6595051153937663,2.936901684019286,0.020447420556972434,2.0447420556972435,0.9995819029925663,99.95819029925663,0.006731671,Success
../data/preprocessed/005/rest/run01_epochs.npz,005,rest,run01,TT,"(1, 10, 7, 1)",10,7,42030,10018,0.7616464430168927,4.195448193252147,0.033195877,3.3195877069353843,0.9988980337455964,99.88980337455963,0.005531561,Success
../data/preprocessed/005/rest/run01_epochs.npz,005,rest,run01,TT,"(1, 10, 10, 1)",10,10,42030,14311,0.6595051153937663,2.936901684019286,0.020447420556972434,2.0447420556972435,0.9995819029925663,99.95819029925663,0.00502878,Success
../data/preprocessed/005/rest/run01_epochs.npz,005,rest,run01,TT,"(1, 10, 15, 1)",10,15,42030,21466,0.4892695693552225,1.9579800614925928,0.012639892884082127,1.2639892884082127,0.999840233,99.98402331078789,0.009689898,Success
../data/preprocessed/005/rest/run01_epochs.npz,005,rest,run01,TT,"(1, 15, 10, 1)",15,10,42030,14311,0.6595051153937663,2.936901684019286,0.020447420556972434,2.0447420556972435,0.9995819029925663,99.95819029925663,0.006138177,Success
../data/preprocessed/005/rest/run01_epochs.npz,005,rest,run01,TT,"(1, 15, 15, 1)",15,15,42030,21466,0.4892695693552225,1.9579800614925928,0.012639892884082127,1.2639892884082127,0.999840233,99.98402331078789,0.005219031,Success
../data/preprocessed/005/rest/run01_epochs.npz,005,rest,run01,TT,"(1, 15, 20, 1)",15,20,42030,28621,0.3190340233166785,1.4685021487718808,0.007638422,0.7638421809662516,0.9999416545122577,99.99416545122577,0.005006428,Success
../data/preprocessed/005/rest/run01_epochs.npz,005,rest,run01,TT,"(1, 20, 15, 1)",20,15,42030,21466,0.4892695693552225,1.9579800614925928,0.012639892884082127,1.2639892884082127,0.999840233,99.98402331078789,0.007633425,Success
../data/preprocessed/005/rest/run01_epochs.npz,005,rest,run01,TT,"(1, 20, 20, 1)",20,20,42030,28621,0.3190340233166785,1.4685021487718808,0.007638422,0.7638421809662516,0.9999416545122577,99.99416545122577,0.005588944,Success
../data/preprocessed/005/somatosensory/run01_epochs.npz,005,somatosensory,run01,TT,"(1, 3, 3, 1)",3,3,8490060,5079,0.9994017710122189,1671.600708800945,0.4184825258061924,41.84825258061924,0.8248723755948695,82.48723755948694,3.4648852409991377,Success
../data/preprocessed/005/somatosensory/run01_epochs.npz,005,somatosensory,run01,TT,"(1, 3, 5, 1)",3,5,8490060,8061,0.9990505367453234,1053.2266468180126,0.41655572713633393,41.65557271363339,0.8264813261899202,82.64813261899202,3.9782405179994385,Success
../data/preprocessed/005/somatosensory/run01_epochs.npz,005,somatosensory,run01,TT,"(1, 5, 3, 1)",5,3,8490060,5663,0.9993329846903319,1499.2159632703515,0.37370212453666557,37.370212453666554,0.8603467221167825,86.03467221167826,3.804374235999603,Success
../data/preprocessed/005/somatosensory/run01_epochs.npz,005,somatosensory,run01,TT,"(1, 5, 5, 1)",5,5,8490060,8765,0.9989676162477061,968.6320593268682,0.3437499676708149,34.37499676708149,0.8818359597263136,88.18359597263135,2.9796698770005605,Success
../data/preprocessed/005/somatosensory/run01_epochs.npz,005,somatosensory,run01,TT,"(1, 5, 7, 1)",5,7,8490060,11867,0.9986022478050803,715.4343979,0.34149595120567067,34.149595120567064,0.8833805153101342,88.33805153101342,2.8868383650005853,Success
../data/preprocessed/005/somatosensory/run01_epochs.npz,005,somatosensory,run01,TT,"(1, 7, 5, 1)",7,5,8490060,9469,0.998884696,896.6163269616644,0.29330629294994615,29.330629294994615,0.9139714185159604,91.39714185159605,3.223548614,Success
../data/preprocessed/005/somatosensory/run01_epochs.npz,005,somatosensory,run01,TT,"(1, 7, 7, 1)",7,7,8490060,12691,0.9985051931317329,668.9827436766212,0.2881774547868483,28.81774547868483,0.9169537545525739,91.69537545525739,2.7228738960002374,Success
../data/preprocessed/005/somatosensory/run01_epochs.npz,005,somatosensory,run01,TT,"(1, 7, 10, 1)",7,10,8490060,17524,0.9979359392041988,484.4818534581146,0.28773704757981766,28.773704757981765,0.9172073914500497,91.72073914500497,2.5017567660006534,Success
../data/preprocessed/005/somatosensory/run01_epochs.npz,005,somatosensory,run01,TT,"(1, 10, 7, 1)",10,7,8490060,13927,0.9983596111217118,609.6115459,0.2348212387045924,23.48212387045924,0.9448589858532408,94.48589858532408,2.152399130000049,Success
../data/preprocessed/005/somatosensory/run01_epochs.npz,005,somatosensory,run01,TT,"(1, 10, 10, 1)",10,10,8490060,19030,0.9977585552987847,446.1408302679979,0.23352977326482102,23.35297733,0.9454638449988813,94.54638449988812,2.214006146000429,Success
../data/preprocessed/005/somatosensory/run01_epochs.npz,005,somatosensory,run01,TT,"(1, 10, 15, 1)",10,15,8490060,27535,0.9967567955939063,308.3370256,0.2330457660823467,23.30457660823467,0.9456896709110921,94.56896709110922,2.230973916000039,Success
../data/preprocessed/005/somatosensory/run01_epochs.npz,005,somatosensory,run01,TT,"(1, 15, 10, 1)",15,10,8490060,21540,0.9974629154564278,394.1532033426184,0.179113444,17.91134443,0.967918374,96.79183741,3.263728545000049,Success
../data/preprocessed/005/somatosensory/run01_epochs.npz,005,somatosensory,run01,TT,"(1, 15, 15, 1)",15,15,8490060,30795,0.9963728171532357,275.69605455431076,0.1779895729792399,17.79895729792399,0.9683197119106678,96.83197119106678,2.2899454739999783,Success
../data/preprocessed/005/somatosensory/run01_epochs.npz,005,somatosensory,run01,TT,"(1, 15, 20, 1)",15,20,8490060,40050,0.9952827188500435,211.98651685393259,0.1776917621725317,17.769176217253168,0.9684256376560204,96.84256376560204,2.887728179000078,Success
../data/preprocessed/005/somatosensory/run01_epochs.npz,005,somatosensory,run01,TT,"(1, 20, 15, 1)",20,15,8490060,34055,0.995988839,249.30436059315812,0.14304535590113604,14.304535590113604,0.9795380261551173,97.95380261551173,2.534958827999617,Success
../data/preprocessed/005/somatosensory/run01_epochs.npz,005,somatosensory,run01,TT,"(1, 20, 20, 1)",20,20,8490060,44060,0.9948104018110591,192.69314571039493,0.14253053184874553,14.253053184874553,0.9796850474909138,97.96850474909138,2.2176951459996417,Success
../data/preprocessed/005/somatosensory/run02_epochs.npz,005,somatosensory,run02,TT,"(1, 3, 3, 1)",3,3,8321940,5067,0.9993911275495858,1642.380106571936,0.5121913522980125,51.219135229801246,0.7376600186311331,73.76600186,2.671244105000369,Success
../data/preprocessed/005/somatosensory/run02_epochs.npz,005,somatosensory,run02,TT,"(1, 3, 5, 1)",3,5,8321940,8049,0.9990327976409347,1033.909802459933,0.504357731,50.43577306,0.7456232796315031,74.56232796315031,1.9853268759998173,Success
../data/preprocessed/005/somatosensory/run02_epochs.npz,005,somatosensory,run02,TT,"(1, 5, 3, 1)",5,3,8321940,5643,0.9993219129193434,1474.7368421052631,0.44326510473610836,44.32651047361084,0.8035160469232868,80.35160469232868,2.4942664970003534,Success
../data/preprocessed/005/somatosensory/run02_epochs.npz,005,somatosensory,run02,TT,"(1, 5, 5, 1)",5,5,8321940,8745,0.9989491632960583,951.6226415,0.41366109174119003,41.36610917,0.8288845011794866,82.88845011794866,9.071680464000565,Success
../data/preprocessed/005/somatosensory/run02_epochs.npz,005,somatosensory,run02,TT,"(1, 5, 7, 1)",5,7,8321940,11847,0.9985764136727734,702.4512534818941,0.41129051165166425,41.12905116516642,0.8308401150253122,83.08401150253121,11.554231402999903,Success
../data/preprocessed/005/somatosensory/run02_epochs.npz,005,somatosensory,run02,TT,"(1, 7, 5, 1)",7,5,8321940,9441,0.9988655289511821,881.4680648236416,0.3355512186183066,33.55512186183066,0.8874053796837693,88.74053796837693,3.7386241720005273,Success
../data/preprocessed/005/somatosensory/run02_epochs.npz,005,somatosensory,run02,TT,"(1, 7, 7, 1)",7,7,8321940,12663,0.9984783596132633,657.1855011,0.33133323584979196,33.133323584979195,0.8902182868213061,89.02182868,1.7190134920001583,Success
../data/preprocessed/005/somatosensory/run02_epochs.npz,005,somatosensory,run02,TT,"(1, 7, 10, 1)",7,10,8321940,17496,0.9978976056063851,475.64814814814815,0.330531414,33.05314139,0.8907489844197833,89.07489844197833,2.2728618460005237,Success
../data/preprocessed/005/somatosensory/run02_epochs.npz,005,somatosensory,run02,TT,"(1, 10, 7, 1)",10,7,8321940,13887,0.9983312785239981,599.2611795204148,0.2738492680822087,27.38492680822087,0.9250065783708386,92.50065783708385,2.2828488810000636,Success
../data/preprocessed/005/somatosensory/run02_epochs.npz,005,somatosensory,run02,TT,"(1, 10, 10, 1)",10,10,8321940,18990,0.9977180801591936,438.22748815165875,0.27173543900472336,27.173543900472335,0.9261598511889103,92.61598511889103,3.384100044000661,Success
../data/preprocessed/005/somatosensory/run02_epochs.npz,005,somatosensory,run02,TT,"(1, 10, 15, 1)",10,15,8321940,27495,0.9966960828845197,302.6710311,0.2708828659165278,27.088286591652782,0.9266224729528484,92.66224729528484,2.9266319930002282,Success
../data/preprocessed/005/somatosensory/run02_epochs.npz,005,somatosensory,run02,TT,"(1, 15, 10, 1)",15,10,8321940,21480,0.9974188710805413,387.42737430167597,0.20784097864199905,20.784097864199904,0.9568021275971361,95.68021275971361,3.0627390919999016,Success
../data/preprocessed/005/somatosensory/run02_epochs.npz,005,somatosensory,run02,TT,"(1, 15, 15, 1)",15,15,8321940,30735,0.9963067505894059,270.76427525622256,0.20610324699260302,20.610324699260303,0.9575214515791061,95.75214516,2.715420690999963,Success
../data/preprocessed/005/somatosensory/run02_epochs.npz,005,somatosensory,run02,TT,"(1, 15, 20, 1)",15,20,8321940,39990,0.9951946300982704,208.1005251312828,0.20568030990054506,20.568030990054506,0.9576956101192157,95.76956101192157,3.209925161000683,Success
../data/preprocessed/005/somatosensory/run02_epochs.npz,005,somatosensory,run02,TT,"(1, 20, 15, 1)",20,15,8321940,33975,0.9959174182942919,244.94304635761588,0.167628074,16.76280736,0.9719008289542719,97.19008289542718,6.101790498,Success
../data/preprocessed/005/somatosensory/run02_epochs.npz,005,somatosensory,run02,TT,"(1, 20, 20, 1)",20,20,8321940,43980,0.9947151745866949,189.22100954979535,0.16691564009053264,16.691564009053263,0.9721391690931678,97.21391690931678,3.470590063999225,Success
../data/preprocessed/006/auditory/run01_epochs.npz,006,auditory,run01,TT,"(1, 3, 3, 1)",3,3,8406000,5073,0.9993965024982155,1657.0076877587226,0.6267378415141291,62.67378415141292,0.6071996780142104,60.719967801421035,2.127742959999523,Success
../data/preprocessed/006/auditory/run01_epochs.npz,006,auditory,run01,TT,"(1, 3, 5, 1)",3,5,8406000,8055,0.999041756,1043.5754189944134,0.624739521,62.473952120072596,0.6097005306498877,60.970053064988775,2.8030815209995126,Success
../data/preprocessed/006/auditory/run01_epochs.npz,006,auditory,run01,TT,"(1, 5, 3, 1)",5,3,8406000,5653,0.9993275041636926,1486.9980541305501,0.5874586484928928,58.745864849289276,0.6548923363109037,65.48923363109037,3.1908601409995754,Success
../data/preprocessed/006/auditory/run01_epochs.npz,006,auditory,run01,TT,"(1, 5, 5, 1)",5,5,8406000,8755,0.9989584820366405,960.1370645345517,0.5525749422198373,55.25749422198373,0.6946609332307436,69.46609332307436,3.422260309000194,Success
../data/preprocessed/006/auditory/run01_epochs.npz,006,auditory,run01,TT,"(1, 5, 7, 1)",5,7,8406000,11857,0.9985894599095884,708.9483005819347,0.5502293096783405,55.02293096783405,0.6972477067708969,69.72477067708968,4.304654630999721,Success
../data/preprocessed/006/auditory/run01_epochs.npz,006,auditory,run01,TT,"(1, 7, 5, 1)",7,5,8406000,9455,0.998875208,889.0534109,0.5178651020987192,51.78651020987191,0.7318157360282833,73.18157360282834,6.450556079000307,Success
../data/preprocessed/006/auditory/run01_epochs.npz,006,auditory,run01,TT,"(1, 7, 7, 1)",7,7,8406000,12677,0.9984919105400905,663.0906366,0.48989327605162736,48.989327605162735,0.7600045780794041,76.00045781,3.1826305019994834,Success
../data/preprocessed/006/auditory/run01_epochs.npz,006,auditory,run01,TT,"(1, 7, 10, 1)",7,10,8406000,17510,0.997916964,480.0685322672758,0.4841355277268106,48.413552772681065,0.7656127907926826,76.56127907926826,2.319524511000054,Success
../data/preprocessed/006/auditory/run01_epochs.npz,006,auditory,run01,TT,"(1, 10, 7, 1)",10,7,8406000,13907,0.9983455864858435,604.4438052779176,0.4384852832197808,43.84852832197808,0.8077306563996687,80.77306563996687,2.2911404809992746,Success
../data/preprocessed/006/auditory/run01_epochs.npz,006,auditory,run01,TT,"(1, 10, 10, 1)",10,10,8406000,19010,0.9977385201046871,442.18832193582324,0.41853444992260996,41.85344499,0.8248289142279782,82.48289142279782,2.9771297389997926,Success
../data/preprocessed/006/auditory/run01_epochs.npz,006,auditory,run01,TT,"(1, 10, 15, 1)",10,15,8406000,27515,0.996726743,305.50608758858806,0.41487842741363046,41.487842741363046,0.82787589,82.78758905,2.7274734519996855,Success
../data/preprocessed/006/auditory/run01_epochs.npz,006,auditory,run01,TT,"(1, 15, 10, 1)",15,10,8406000,21510,0.997441113,390.7949790794979,0.3355609263416507,33.55609263416507,0.8873988647127333,88.73988647127334,2.9434479389992703,Success
../data/preprocessed/006/auditory/run01_epochs.npz,006,auditory,run01,TT,"(1, 15, 15, 1)",15,15,8406000,30765,0.9963401142041399,273.2325694783033,0.32176810246299875,32.17681024629987,0.8964652882373612,89.64652882373612,2.5176679440000953,Success
../data/preprocessed/006/auditory/run01_epochs.npz,006,auditory,run01,TT,"(1, 15, 20, 1)",15,20,8406000,40020,0.9952391149179157,210.04497751124438,0.3214604413767152,32.14604413767152,0.8966631846298875,89.66631846298874,2.7167088810001587,Success
../data/preprocessed/006/auditory/run01_epochs.npz,006,auditory,run01,TT,"(1, 20, 15, 1)",20,15,8406000,34015,0.9959534856055199,247.12626782301925,0.2563861843912334,25.63861843912334,0.9342661244533045,93.42661244533045,2.7291248060000726,Success
../data/preprocessed/006/auditory/run01_epochs.npz,006,auditory,run01,TT,"(1, 20, 20, 1)",20,20,8406000,44020,0.9947632643349988,190.95865515674694,0.2558790254636646,25.587902546366458,0.9345259243277653,93.45259243277653,3.5233002040004067,Success
../data/preprocessed/006/auditory/run02_epochs.npz,006,auditory,run02,TT,"(1, 3, 3, 1)",3,3,8406000,5073,0.9993965024982155,1657.0076877587226,0.5935616703709923,59.356167037099226,0.6476845434663976,64.76845434663976,2.7985459620003894,Success
../data/preprocessed/006/auditory/run02_epochs.npz,006,auditory,run02,TT,"(1, 3, 5, 1)",3,5,8406000,8055,0.999041756,1043.5754189944134,0.5917630230308646,59.17630230308646,0.6498165245733725,64.98165245733725,2.1914629469993088,Success
../data/preprocessed/006/auditory/run02_epochs.npz,006,auditory,run02,TT,"(1, 5, 3, 1)",5,3,8406000,5653,0.9993275041636926,1486.9980541305501,0.5465150270665525,54.65150270665525,0.7013213251904455,70.13213251904456,3.044280050999987,Success
../data/preprocessed/006/auditory/run02_epochs.npz,006,auditory,run02,TT,"(1, 5, 5, 1)",5,5,8406000,8755,0.9989584820366405,960.1370645345517,0.4986993676761254,49.869936767612536,0.7512989406794328,75.12989406794328,2.298530362000747,Success
../data/preprocessed/006/auditory/run02_epochs.npz,006,auditory,run02,TT,"(1, 5, 7, 1)",5,7,8406000,11857,0.9985894599095884,708.9483005819347,0.4967820056476457,49.678200564764566,0.7532076388647027,75.32076388647026,2.8492072279996137,Success
../data/preprocessed/006/auditory/run02_epochs.npz,006,auditory,run02,TT,"(1, 7, 5, 1)",7,5,8406000,9455,0.998875208,889.0534109,0.43933698756245004,43.93369875624501,0.8069830113595516,80.69830113595516,2.958517132000452,Success
../data/preprocessed/006/auditory/run02_epochs.npz,006,auditory,run02,TT,"(1, 7, 7, 1)",7,7,8406000,12677,0.9984919105400905,663.0906366,0.4338656006496767,43.386560064967675,0.8117606405728953,81.17606405728954,2.401211477999823,Success
../data/preprocessed/006/auditory/run02_epochs.npz,006,auditory,run02,TT,"(1, 7, 10, 1)",7,10,8406000,17510,0.997916964,480.0685322672758,0.43090556935044866,43.090556935044866,0.8143203903027657,81.43203903027657,2.4281927170004565,Success
../data/preprocessed/006/auditory/run02_epochs.npz,006,auditory,run02,TT,"(1, 10, 7, 1)",10,7,8406000,13907,0.9983455864858435,604.4438052779176,0.3750457839449817,37.504578394498175,0.8593406599450942,85.93406599450942,2.4847847069995623,Success
../data/preprocessed/006/auditory/run02_epochs.npz,006,auditory,run02,TT,"(1, 10, 10, 1)",10,10,8406000,19010,0.9977385201046871,442.18832193582324,0.36529152521077546,36.52915252107755,0.8665621016091855,86.65621016091855,2.244279491999805,Success
../data/preprocessed/006/auditory/run02_epochs.npz,006,auditory,run02,TT,"(1, 10, 15, 1)",10,15,8406000,27515,0.996726743,305.50608758858806,0.3630159971278494,36.301599712784935,0.8682193858292733,86.82193858292733,2.950373929000307,Success
../data/preprocessed/006/auditory/run02_epochs.npz,006,auditory,run02,TT,"(1, 15, 10, 1)",15,10,8406000,21510,0.997441113,390.7949790794979,0.29210594160590636,29.210594160590635,0.9146741188785269,91.46741188785269,2.2257910650005215,Success
../data/preprocessed/006/auditory/run02_epochs.npz,006,auditory,run02,TT,"(1, 15, 15, 1)",15,15,8406000,30765,0.9963401142041399,273.2325694783033,0.2869007300495528,28.69007300495528,0.9176879710970336,91.76879710970336,2.887894432000394,Success
../data/preprocessed/006/auditory/run02_epochs.npz,006,auditory,run02,TT,"(1, 15, 20, 1)",15,20,8406000,40020,0.9952391149179157,210.04497751124438,0.286474986,28.647498638404002,0.9179320821762641,91.79320821762641,2.324667146000138,Success
../data/preprocessed/006/auditory/run02_epochs.npz,006,auditory,run02,TT,"(1, 20, 15, 1)",20,15,8406000,34015,0.9959534856055199,247.12626782301925,0.22914600538086227,22.914600538086226,0.9474921082179939,94.74921082,2.950605146000271,Success
../data/preprocessed/006/auditory/run02_epochs.npz,006,auditory,run02,TT,"(1, 20, 20, 1)",20,20,8406000,44020,0.9947632643349988,190.95865515674694,0.228261161,22.82611615,0.9478968421569823,94.78968421569823,3.3111085059999823,Success
../data/preprocessed/006/motor/run01_epochs.npz,006,motor,run01,TT,"(1, 3, 3, 1)",3,3,1891350,4608,0.9975636450154651,410.4492188,0.5504031048845611,55.040310488456115,0.6970564221334347,69.70564221334347,0.5010810819994731,Success
../data/preprocessed/006/motor/run01_epochs.npz,006,motor,run01,TT,"(1, 3, 5, 1)",3,5,1891350,7590,0.9959869934174003,249.1897233201581,0.5278237044760432,52.78237044760432,0.7214021369931866,72.14021369931865,0.5733089049999762,Success
../data/preprocessed/006/motor/run01_epochs.npz,006,motor,run01,TT,"(1, 5, 3, 1)",5,3,1891350,4878,0.9974208898405901,387.73062730627305,0.4751823667980037,47.51823667980037,0.7742017182842474,77.42017182842474,0.2479546959993968,Success
../data/preprocessed/006/motor/run01_epochs.npz,006,motor,run01,TT,"(1, 5, 5, 1)",5,5,1891350,7980,0.9957807914981363,237.01127819548873,0.42775082287746824,42.77508228774683,0.8170292335276488,81.70292335276488,0.3644448569993983,Success
../data/preprocessed/006/motor/run01_epochs.npz,006,motor,run01,TT,"(1, 5, 7, 1)",5,7,1891350,11082,0.9941406931556824,170.66865186789389,0.416666839,41.66668387,0.826388746,82.63887455,0.6519516370008205,Success
../data/preprocessed/006/motor/run01_epochs.npz,006,motor,run01,TT,"(1, 7, 5, 1)",7,5,1891350,8370,0.9955745895788722,225.96774193548387,0.38757368984999935,38.757368984999935,0.8497866349360566,84.97866349360565,0.4151635489997716,Success
../data/preprocessed/006/motor/run01_epochs.npz,006,motor,run01,TT,"(1, 7, 7, 1)",7,7,1891350,11592,0.9938710444920295,163.15993788819875,0.36361825290438404,36.361825290438404,0.8677817661547634,86.77817661547634,0.2526657600001272,Success
../data/preprocessed/006/motor/run01_epochs.npz,006,motor,run01,TT,"(1, 7, 10, 1)",7,10,1891350,16425,0.9913157268617654,115.15068493150685,0.35380110268314124,35.38011026831413,0.8748247797401933,87.48247797401933,0.38343745400015905,Success
../data/preprocessed/006/motor/run01_epochs.npz,006,motor,run01,TT,"(1, 10, 7, 1)",10,7,1891350,12357,0.993466571,153.05899490167516,0.31503062152934447,31.503062152934447,0.9007557074988349,90.07557075,0.42182046600009926,Success
../data/preprocessed/006/motor/run01_epochs.npz,006,motor,run01,TT,"(1, 10, 10, 1)",10,10,1891350,17460,0.9907684986914109,108.32474226804123,0.2966725086450133,29.667250864501334,0.9119854226142745,91.19854226142745,0.30748675299946626,Success
../data/preprocessed/006/motor/run01_epochs.npz,006,motor,run01,TT,"(1, 10, 15, 1)",10,15,1891350,25965,0.9862717106828456,72.84228769,0.28857446179318835,28.857446179318835,0.9167247800007716,91.67247800007716,0.3738295750008547,Success
../data/preprocessed/006/motor/run01_epochs.npz,006,motor,run01,TT,"(1, 15, 10, 1)",15,10,1891350,19185,0.989856452,98.58483189992181,0.23246655401463773,23.246655401463773,0.9459593012645595,94.59593012645595,0.47812857200005965,Success
../data/preprocessed/006/motor/run01_epochs.npz,006,motor,run01,TT,"(1, 15, 15, 1)",15,15,1891350,28440,0.9849631215798239,66.50316455696202,0.21708537754065224,21.708537754065222,0.9528739388580325,95.28739388580325,0.48916188799921656,Success
../data/preprocessed/006/motor/run01_epochs.npz,006,motor,run01,TT,"(1, 15, 20, 1)",15,20,1891350,37695,0.9800697914188278,50.17508953442101,0.21450301835608843,21.450301835608844,0.9539884551161276,95.39884551161276,0.5332786509998186,Success
../data/preprocessed/006/motor/run01_epochs.npz,006,motor,run01,TT,"(1, 20, 15, 1)",20,15,1891350,30915,0.9836545324768022,61.17903930131004,0.16494204136487595,16.494204136487596,0.9727941229903876,97.27941229903875,0.4895614389997718,Success
../data/preprocessed/006/motor/run01_epochs.npz,006,motor,run01,TT,"(1, 20, 20, 1)",20,20,1891350,40920,0.9783646601633753,46.22067448680352,0.16051047363845788,16.05104736384579,0.9742363878523579,97.42363879,0.8330685700002505,Success
../data/preprocessed/006/motor/run02_epochs.npz,006,motor,run02,TT,"(1, 3, 3, 1)",3,3,2773980,4671,0.9983161378236325,593.8728323699422,0.6397899499099127,63.97899499099127,0.5906688199942716,59.06688199942715,0.3961855210000067,Success
../data/preprocessed/006/motor/run02_epochs.npz,006,motor,run02,TT,"(1, 3, 5, 1)",3,5,2773980,7653,0.9972411480976792,362.4696197569581,0.6143772033629696,61.43772033629696,0.6225406519878964,62.25406519878965,0.4857118440004342,Success
../data/preprocessed/006/motor/run02_epochs.npz,006,motor,run02,TT,"(1, 5, 3, 1)",5,3,2773980,4983,0.9982036640494885,556.6887417218543,0.5739398841598641,57.393988415986406,0.6705930093705619,67.05930094,0.8916295250000985,Success
../data/preprocessed/006/motor/run02_epochs.npz,006,motor,run02,TT,"(1, 5, 5, 1)",5,5,2773980,8085,0.9970854151796336,343.1020408163265,0.5264406903514816,52.644069035148156,0.7228601995422554,72.28601995422554,0.7286451139998462,Success
../data/preprocessed/006/motor/run02_epochs.npz,006,motor,run02,TT,"(1, 5, 7, 1)",5,7,2773980,11187,0.9959671663097788,247.9646017699115,0.5175240633654099,51.75240633654099,0.7321688438377554,73.21688438377554,0.5451022990000638,Success
../data/preprocessed/006/motor/run02_epochs.npz,006,motor,run02,TT,"(1, 7, 5, 1)",7,5,2773980,8517,0.9969296822615881,325.6991899,0.4700453188885542,47.004531888855425,0.7790573981909575,77.90573981909576,0.5795829010003217,Success
../data/preprocessed/006/motor/run02_epochs.npz,006,motor,run02,TT,"(1, 7, 7, 1)",7,7,2773980,11739,0.9957681742478316,236.3046256069512,0.4572722476118847,45.72722476118847,0.7909020915639753,79.09020915639753,0.6790727439993134,Success
../data/preprocessed/006/motor/run02_epochs.npz,006,motor,run02,TT,"(1, 7, 10, 1)",7,10,2773980,16572,0.994025912,167.38957277335265,0.4502103200532691,45.02103200532691,0.797310668,79.73106677,0.5654852650004614,Success
../data/preprocessed/006/motor/run02_epochs.npz,006,motor,run02,TT,"(1, 10, 7, 1)",10,7,2773980,12567,0.995469686,220.7352590116973,0.39981068764917305,39.98106876,0.8401514140414954,84.01514140414955,0.6285957400004918,Success
../data/preprocessed/006/motor/run02_epochs.npz,006,motor,run02,TT,"(1, 10, 10, 1)",10,10,2773980,17670,0.9936300910604979,156.9881154499151,0.3759907054136019,37.59907054136019,0.8586309894425821,85.86309894425821,0.575289427,Success
../data/preprocessed/006/motor/run02_epochs.npz,006,motor,run02,TT,"(1, 10, 15, 1)",10,15,2773980,26175,0.9905640992364761,105.97822349570201,0.3701745299006951,37.01745299006951,0.8629708174127995,86.29708174127995,0.6028041159997883,Success
../data/preprocessed/006/motor/run02_epochs.npz,006,motor,run02,TT,"(1, 15, 10, 1)",15,10,2773980,19500,0.9929703891159994,142.25538461538463,0.2795130665761642,27.95130665761642,0.9218724456131888,92.18724456131888,1.1798820639996848,Success
../data/preprocessed/006/motor/run02_epochs.npz,006,motor,run02,TT,"(1, 15, 15, 1)",15,15,2773980,28755,0.989634028,96.46948356807512,0.26764269421571363,26.764269421571363,0.9283673882329541,92.83673882,0.6097018589998697,Success
../data/preprocessed/006/motor/run02_epochs.npz,006,motor,run02,TT,"(1, 15, 20, 1)",15,20,2773980,38010,0.9862976661691865,72.98026835,0.2662145711265343,26.62145711265343,0.9291298021199154,92.91298021199154,0.7690789449998192,Success
../data/preprocessed/006/motor/run02_epochs.npz,006,motor,run02,TT,"(1, 20, 15, 1)",20,15,2773980,31335,0.9887039560487098,88.52656773575873,0.19646609872401885,19.646609872401886,0.9614010720521641,96.14010720521641,0.9116351550001127,Success
../data/preprocessed/006/motor/run02_epochs.npz,006,motor,run02,TT,"(1, 20, 20, 1)",20,20,2773980,41340,0.9850972249259187,67.10159651669086,0.1938339272281074,19.38339272281074,0.9624284086553287,96.24284086553287,0.9451007420002497,Success
../data/preprocessed/006/motor/run03_epochs.npz,006,motor,run03,TT,"(1, 3, 3, 1)",3,3,2311650,4638,0.9979936409058465,498.41526520051747,0.5818995661905932,58.18995661905932,0.6613928948671994,66.13928948671995,0.37082499799998914,Success
../data/preprocessed/006/motor/run03_epochs.npz,006,motor,run03,TT,"(1, 3, 5, 1)",3,5,2311650,7620,0.9967036532347024,303.36614173228344,0.5645473807608821,56.454738076088205,0.6812862548760277,68.12862548760276,0.36934799,Success
../data/preprocessed/006/motor/run03_epochs.npz,006,motor,run03,TT,"(1, 5, 3, 1)",5,3,2311650,4928,0.997868189,469.08482142857144,0.5180676055915318,51.806760559153176,0.7316059560366572,73.16059560366573,0.4141693589999704,Success
../data/preprocessed/006/motor/run03_epochs.npz,006,motor,run03,TT,"(1, 5, 5, 1)",5,5,2311650,8030,0.9965262907447061,287.8767123287671,0.462186933,46.21869328,0.7863832391787828,78.63832391787828,0.3453806509996866,Success
../data/preprocessed/006/motor/run03_epochs.npz,006,motor,run03,TT,"(1, 5, 7, 1)",5,7,2311650,11132,0.9951843921008803,207.6581027667984,0.45198763187127605,45.198763187127604,0.7957071806353959,79.57071806353959,0.4207035449999239,Success
../data/preprocessed/006/motor/run03_epochs.npz,006,motor,run03,TT,"(1, 7, 5, 1)",7,5,2311650,8440,0.9963489282547099,273.89218009478674,0.42118885848390625,42.118885848390626,0.822599945,82.25999455,0.9727150589997109,Success
../data/preprocessed/006/motor/run03_epochs.npz,006,motor,run03,TT,"(1, 7, 7, 1)",7,7,2311650,11662,0.9949551186382022,198.22071685817184,0.4001396058645762,40.01396058645762,0.8398882958185416,83.98882958185416,0.4856769070001974,Success
../data/preprocessed/006/motor/run03_epochs.npz,006,motor,run03,TT,"(1, 7, 10, 1)",7,10,2311650,16495,0.9928644042134406,140.14246741436799,0.3878883741929281,38.78883741929281,0.849542609,84.95426092,0.38171421500010183,Success
../data/preprocessed/006/motor/run03_epochs.npz,006,motor,run03,TT,"(1, 10, 7, 1)",10,7,2311650,12457,0.9946112084441849,185.5703620454363,0.35505818225654523,35.50581822565452,0.873933687,87.39336872126779,0.47442607799985126,Success
../data/preprocessed/006/motor/run03_epochs.npz,006,motor,run03,TT,"(1, 10, 10, 1)",10,10,2311650,17560,0.9924036943308892,131.64293849658316,0.32395370171087023,32.39537017108702,0.8950539991478246,89.50539991478246,0.44255842799975653,Success
../data/preprocessed/006/motor/run03_epochs.npz,006,motor,run03,TT,"(1, 10, 15, 1)",10,15,2311650,26065,0.988724504,88.68789564550163,0.3164790516770193,31.64790516770193,0.8998410098496146,89.98410098496146,0.506022841,Success
../data/preprocessed/006/motor/run03_epochs.npz,006,motor,run03,TT,"(1, 15, 10, 1)",15,10,2311650,19335,0.9916358445266368,119.5577967416602,0.25614248876025997,25.614248876025997,0.934391025,93.43910255,0.5507003319999058,Success
../data/preprocessed/006/motor/run03_epochs.npz,006,motor,run03,TT,"(1, 15, 15, 1)",15,15,2311650,28590,0.9876322107585491,80.85519412381952,0.23856859907627972,23.85685990762797,0.9430850235347813,94.30850235347813,0.5399677870000232,Success
../data/preprocessed/006/motor/run03_epochs.npz,006,motor,run03,TT,"(1, 15, 20, 1)",15,20,2311650,37845,0.9836285769904614,61.08204518,0.23652975135104537,23.652975135104537,0.9440536767258126,94.40536767258126,0.6203311669996765,Success
../data/preprocessed/006/motor/run03_epochs.npz,006,motor,run03,TT,"(1, 20, 15, 1)",20,15,2311650,31115,0.9865399173750351,74.29374899566126,0.1807648793447482,18.07648793447482,0.9673240583954786,96.73240583954787,1.5939128539994272,Success
../data/preprocessed/006/motor/run03_epochs.npz,006,motor,run03,TT,"(1, 20, 20, 1)",20,20,2311650,41120,0.9822118400276858,56.21716926070039,0.1770681542969005,17.70681542969005,0.968646869,96.86468687,0.7675670100006755,Success
../data/preprocessed/006/rest/run01_epochs.npz,006,rest,run01,TT,"(1, 3, 3, 1)",3,3,42030,4294,0.8978348798477278,9.788076385654401,0.18012808700692673,18.012808700692673,0.967553872,96.75538723,0.007274596,Success
../data/preprocessed/006/rest/run01_epochs.npz,006,rest,run01,TT,"(1, 3, 5, 1)",3,5,42030,7156,0.8297406614323103,5.873392956959195,0.084595337,8.459533723588246,0.9928436289179473,99.28436289179473,0.005489053,Success
../data/preprocessed/006/rest/run01_epochs.npz,006,rest,run01,TT,"(1, 5, 3, 1)",5,3,42030,4294,0.8978348798477278,9.788076385654401,0.18012808700692673,18.012808700692673,0.967553872,96.75538723,0.007440305,Success
../data/preprocessed/006/rest/run01_epochs.npz,006,rest,run01,TT,"(1, 5, 5, 1)",5,5,42030,7156,0.8297406614323103,5.873392956959195,0.084595337,8.459533723588246,0.9928436289179473,99.28436289179473,0.004877308,Success
../data/preprocessed/006/rest/run01_epochs.npz,006,rest,run01,TT,"(1, 5, 7, 1)",5,7,42030,10018,0.7616464430168927,4.195448193252147,0.055180559314719324,5.518055931471933,0.9969551058737147,99.69551058737147,0.005020677,Success
../data/preprocessed/006/rest/run01_epochs.npz,006,rest,run01,TT,"(1, 7, 5, 1)",7,5,42030,7156,0.8297406614323103,5.873392956959195,0.084595337,8.459533723588246,0.9928436289179473,99.28436289179473,0.005791413,Success
../data/preprocessed/006/rest/run01_epochs.npz,006,rest,run01,TT,"(1, 7, 7, 1)",7,7,42030,10018,0.7616464430168927,4.195448193252147,0.055180559314719324,5.518055931471933,0.9969551058737147,99.69551058737147,0.005227768,Success
../data/preprocessed/006/rest/run01_epochs.npz,006,rest,run01,TT,"(1, 7, 10, 1)",7,10,42030,14311,0.6595051153937663,2.936901684019286,0.02303611,2.303611008,0.9994693376322926,99.94693376322927,0.007639972,Success
../data/preprocessed/006/rest/run01_epochs.npz,006,rest,run01,TT,"(1, 10, 7, 1)",10,7,42030,10018,0.7616464430168927,4.195448193252147,0.055180559314719324,5.518055931471933,0.9969551058737147,99.69551058737147,0.004886338,Success
../data/preprocessed/006/rest/run01_epochs.npz,006,rest,run01,TT,"(1, 10, 10, 1)",10,10,42030,14311,0.6595051153937663,2.936901684019286,0.02303611,2.303611008,0.9994693376322926,99.94693376322927,0.004847282,Success
../data/preprocessed/006/rest/run01_epochs.npz,006,rest,run01,TT,"(1, 10, 15, 1)",10,15,42030,21466,0.4892695693552225,1.9579800614925928,0.012328314637321017,1.2328314637321016,0.9998480126582032,99.98480126582032,0.006849858,Success
../data/preprocessed/006/rest/run01_epochs.npz,006,rest,run01,TT,"(1, 15, 10, 1)",15,10,42030,14311,0.6595051153937663,2.936901684019286,0.02303611,2.303611008,0.9994693376322926,99.94693376322927,0.004822649,Success
../data/preprocessed/006/rest/run01_epochs.npz,006,rest,run01,TT,"(1, 15, 15, 1)",15,15,42030,21466,0.4892695693552225,1.9579800614925928,0.012328314637321017,1.2328314637321016,0.9998480126582032,99.98480126582032,0.004929517,Success
../data/preprocessed/006/rest/run01_epochs.npz,006,rest,run01,TT,"(1, 15, 20, 1)",15,20,42030,28621,0.3190340233166785,1.4685021487718808,0.007779811,0.7779810993864391,0.9999394745408997,99.99394745408998,0.010376902000643895,Success
../data/preprocessed/006/rest/run01_epochs.npz,006,rest,run01,TT,"(1, 20, 15, 1)",20,15,42030,21466,0.4892695693552225,1.9579800614925928,0.012328314637321017,1.2328314637321016,0.9998480126582032,99.98480126582032,0.004933172,Success
../data/preprocessed/006/rest/run01_epochs.npz,006,rest,run01,TT,"(1, 20, 20, 1)",20,20,42030,28621,0.3190340233166785,1.4685021487718808,0.007779811,0.7779810993864391,0.9999394745408997,99.99394745408998,0.008521584,Success
../data/preprocessed/006/somatosensory/run01_epochs.npz,006,somatosensory,run01,TT,"(1, 3, 3, 1)",3,3,8532090,5082,0.9994043663393143,1678.8842975206612,0.6373512906213185,63.73512906213185,0.5937833323433395,59.378333234333944,2.014693957000418,Success
../data/preprocessed/006/somatosensory/run01_epochs.npz,006,somatosensory,run01,TT,"(1, 3, 5, 1)",3,5,8532090,8064,0.9990548622904821,1058.046875,0.6351497009574097,63.51497009574098,0.5965848573737125,59.65848573737125,2.3048538550001467,Success
../data/preprocessed/006/somatosensory/run01_epochs.npz,006,somatosensory,run01,TT,"(1, 5, 3, 1)",5,3,8532090,5668,0.9993356844571494,1505.3087508821454,0.5564961495764063,55.64961495764062,0.6903120355066339,69.03120355066339,2.5798726979992352,Success
../data/preprocessed/006/somatosensory/run01_epochs.npz,006,somatosensory,run01,TT,"(1, 5, 5, 1)",5,5,8532090,8770,0.9989721158590685,972.8722919,0.5408401263267112,54.08401263267112,0.7074919577549068,70.74919577549068,2.4659678089992667,Success
../data/preprocessed/006/somatosensory/run01_epochs.npz,006,somatosensory,run01,TT,"(1, 5, 7, 1)",5,7,8532090,11872,0.9986085472609877,718.6733490566038,0.5383960029613121,53.83960029613121,0.7101297439952825,71.01297439952825,2.9908079200004067,Success
../data/preprocessed/006/somatosensory/run01_epochs.npz,006,somatosensory,run01,TT,"(1, 7, 5, 1)",7,5,8532090,9476,0.9988893694276549,900.3894048121571,0.49802752639845793,49.80275263984579,0.751968583,75.19685829,2.224703020000561,Success
../data/preprocessed/006/somatosensory/run01_epochs.npz,006,somatosensory,run01,TT,"(1, 7, 7, 1)",7,7,8532090,12698,0.9985117362803252,671.9239250275634,0.48990481486811643,48.990481486811646,0.7599932723690364,75.99932723690364,2.869376019999436,Success
../data/preprocessed/006/somatosensory/run01_epochs.npz,006,somatosensory,run01,TT,"(1, 7, 10, 1)",7,10,8532090,17531,0.9979452865593307,486.6858707432548,0.4849632632495466,48.49632632495466,0.7648106332983508,76.48106332983508,2.2886683199994877,Success
../data/preprocessed/006/somatosensory/run01_epochs.npz,006,somatosensory,run01,TT,"(1, 10, 7, 1)",10,7,8532090,13937,0.9983665198093316,612.1898543445504,0.4378892065551794,43.78892065551794,0.8082530427824753,80.82530427824753,2.623142700000244,Success
../data/preprocessed/006/somatosensory/run01_epochs.npz,006,somatosensory,run01,TT,"(1, 10, 10, 1)",10,10,8532090,19040,0.9977684248525274,448.1139705882353,0.42259339464803186,42.25933946480318,0.8214148227998528,82.14148227998528,2.601290020000306,Success
../data/preprocessed/006/somatosensory/run01_epochs.npz,006,somatosensory,run01,TT,"(1, 10, 15, 1)",10,15,8532090,27545,0.9967715999245202,309.75095298602287,0.42065403295197207,42.06540329519721,0.823050185,82.30501846,2.5345636619995275,Success
../data/preprocessed/006/somatosensory/run01_epochs.npz,006,somatosensory,run01,TT,"(1, 15, 10, 1)",15,10,8532090,21555,0.9974736553411884,395.8288100208768,0.33878777774616053,33.878777774616054,0.885222842,88.52228416,3.3822891649997473,Success
../data/preprocessed/006/somatosensory/run01_epochs.npz,006,somatosensory,run01,TT,"(1, 15, 15, 1)",15,15,8532090,30810,0.9963889269803764,276.9259980525803,0.3331705950193904,33.31705950193904,0.8889973546144253,88.89973546144253,2.545799137999893,Success
../data/preprocessed/006/somatosensory/run01_epochs.npz,006,somatosensory,run01,TT,"(1, 15, 20, 1)",15,20,8532090,40065,0.9953041986195645,212.95619618120554,0.33274914725203075,33.274914725203075,0.8892780050030463,88.92780050030463,2.3773274690001927,Success
../data/preprocessed/006/somatosensory/run01_epochs.npz,006,somatosensory,run01,TT,"(1, 20, 15, 1)",20,15,8532090,34075,0.9960062540362327,250.39148936170213,0.2724589766532334,27.245897665323337,0.9257661060410728,92.57661060410727,2.8566362210003717,Success
../data/preprocessed/006/somatosensory/run01_epochs.npz,006,somatosensory,run01,TT,"(1, 20, 20, 1)",20,20,8532090,44080,0.9948336222426158,193.55921052631578,0.27168092628622126,27.168092628622126,0.9261894742922608,92.61894742922608,2.5005557829999816,Success
../data/preprocessed/006/somatosensory/run02_epochs.npz,006,somatosensory,run02,TT,"(1, 3, 3, 1)",3,3,8574120,5085,0.9994069362220263,1686.1592920353983,0.6602315293612004,66.02315293612004,0.5640943276373706,56.40943276373706,2.194793177000065,Success
../data/preprocessed/006/somatosensory/run02_epochs.npz,006,somatosensory,run02,TT,"(1, 3, 5, 1)",3,5,8574120,8067,0.9990591454283355,1062.8635180364447,0.6553618804552225,65.53618804552225,0.5705008056461951,57.050080564619506,2.651511457000197,Success
../data/preprocessed/006/somatosensory/run02_epochs.npz,006,somatosensory,run02,TT,"(1, 5, 3, 1)",5,3,8574120,5673,0.9993383577556647,1511.390798519302,0.6057816800958528,60.578168009585276,0.6330285560602462,63.30285560602462,2.367780923000282,Success
../data/preprocessed/006/somatosensory/run02_epochs.npz,006,somatosensory,run02,TT,"(1, 5, 5, 1)",5,5,8574120,8775,0.998976571,977.1076923076923,0.5704306673125886,57.04306673125886,0.6746088537893151,67.46088537893151,2.632411406999381,Success
../data/preprocessed/006/somatosensory/run02_epochs.npz,006,somatosensory,run02,TT,"(1, 5, 7, 1)",5,7,8574120,11877,0.9986147849575233,721.9095731245264,0.5610140629421179,56.101406294211785,0.6852632211811776,68.52632211811776,2.427089290999902,Success
../data/preprocessed/006/somatosensory/run02_epochs.npz,006,somatosensory,run02,TT,"(1, 7, 5, 1)",7,5,8574120,9483,0.9988939972848525,904.1569123695033,0.5221523512652686,52.21523512652686,0.7273569220681517,72.73569220681517,2.2420131449998735,Success
../data/preprocessed/006/somatosensory/run02_epochs.npz,006,somatosensory,run02,TT,"(1, 7, 7, 1)",7,7,8574120,12705,0.998518215,674.8618654073199,0.4926446163465065,49.26446163465065,0.7573012819848035,75.73012819848034,2.2360663439994823,Success
../data/preprocessed/006/somatosensory/run02_epochs.npz,006,somatosensory,run02,TT,"(1, 7, 10, 1)",7,10,8574120,17538,0.997954542,488.88812863496406,0.48931117088268006,48.93111709,0.7605745780494209,76.05745780494209,2.4747590039996794,Success
../data/preprocessed/006/somatosensory/run02_epochs.npz,006,somatosensory,run02,TT,"(1, 10, 7, 1)",10,7,8574120,13947,0.9983733607647198,614.7644654764465,0.44205483105436977,44.205483105436976,0.8045875263414926,80.45875263414925,2.391262244000245,Success
../data/preprocessed/006/somatosensory/run02_epochs.npz,006,somatosensory,run02,TT,"(1, 10, 10, 1)",10,10,8574120,19050,0.9977781976459392,450.08503937007873,0.41389174868939993,41.389174868939996,0.8286936203668307,82.86936203668307,2.472598344999824,Success
../data/preprocessed/006/somatosensory/run02_epochs.npz,006,somatosensory,run02,TT,"(1, 10, 15, 1)",10,15,8574120,27555,0.996786259,311.1638541099619,0.41167946720381027,41.167946720381025,0.830520016,83.05200163,2.4545576930004245,Success
../data/preprocessed/006/somatosensory/run02_epochs.npz,006,somatosensory,run02,TT,"(1, 15, 10, 1)",15,10,8574120,21570,0.99748429,397.5020862308762,0.3231492677932106,32.31492677932106,0.8955745507247119,89.55745507247119,2.796185936999791,Success
../data/preprocessed/006/somatosensory/run02_epochs.npz,006,somatosensory,run02,TT,"(1, 15, 15, 1)",15,15,8574120,30825,0.9964048788680354,278.15474452554747,0.31730628503259617,31.730628503259616,0.8993167214788129,89.93167214788129,2.595165069000359,Success
../data/preprocessed/006/somatosensory/run02_epochs.npz,006,somatosensory,run02,TT,"(1, 15, 20, 1)",15,20,8574120,40080,0.9953254678031098,213.9251497005988,0.31694333355225995,31.694333355225996,0.899546923,89.95469233,3.0193841569998767,Success
../data/preprocessed/006/somatosensory/run02_epochs.npz,006,somatosensory,run02,TT,"(1, 20, 15, 1)",20,15,8574120,34095,0.9960234986214329,251.47734271887373,0.25649058661374746,25.649058661374745,0.9342125789785358,93.42125789785358,3.2037033010001323,Success
../data/preprocessed/006/somatosensory/run02_epochs.npz,006,somatosensory,run02,TT,"(1, 20, 20, 1)",20,20,8574120,44100,0.9948566150228828,194.42448979591836,0.2558208578345141,25.582085783451408,0.9345556886968134,93.45556886968134,2.8308241369995812,Success
../data/preprocessed/093/auditory/run01_epochs.npz,093,auditory,run01,TT,"(1, 3, 3, 1)",3,3,8406000,5073,0.9993965024982155,1657.0076877587226,0.5157646935251833,51.57646935251833,0.7339867809128735,73.39867809128735,1.7818114510000669,Success
../data/preprocessed/093/auditory/run01_epochs.npz,093,auditory,run01,TT,"(1, 3, 5, 1)",3,5,8406000,8055,0.999041756,1043.5754189944134,0.5009347512453827,50.093475124538266,0.7490643749947263,74.90643749947263,2.307146124,Success
../data/preprocessed/093/auditory/run01_epochs.npz,093,auditory,run01,TT,"(1, 5, 3, 1)",5,3,8406000,5653,0.9993275041636926,1486.9980541305501,0.41923916677050915,41.92391667705092,0.824238521,82.4238521,2.2029553249994933,Success
../data/preprocessed/093/auditory/run01_epochs.npz,093,auditory,run01,TT,"(1, 5, 5, 1)",5,5,8406000,8755,0.9989584820366405,960.1370645345517,0.33008641788313514,33.00864178831351,0.8910429567290802,89.10429567290802,2.4709707789997992,Success
../data/preprocessed/093/auditory/run01_epochs.npz,093,auditory,run01,TT,"(1, 5, 7, 1)",5,7,8406000,11857,0.9985894599095884,708.9483005819347,0.32843737518799854,32.843737518799855,0.8921288905796179,89.21288905796179,2.2325002319994383,Success
../data/preprocessed/093/auditory/run01_epochs.npz,093,auditory,run01,TT,"(1, 7, 5, 1)",7,5,8406000,9455,0.998875208,889.0534109,0.2695576636299587,26.95576636299587,0.927338666,92.7338666,2.518465858000127,Success
../data/preprocessed/093/auditory/run01_epochs.npz,093,auditory,run01,TT,"(1, 7, 7, 1)",7,7,8406000,12677,0.9984919105400905,663.0906366,0.2612513085240485,26.125130852404848,0.9317477537944724,93.17477537944724,2.1988714339995568,Success
../data/preprocessed/093/auditory/run01_epochs.npz,093,auditory,run01,TT,"(1, 7, 10, 1)",7,10,8406000,17510,0.997916964,480.0685322672758,0.2601778710323462,26.017787103234618,0.9323074754250757,93.23074754250757,2.3130443219997687,Success
../data/preprocessed/093/auditory/run01_epochs.npz,093,auditory,run01,TT,"(1, 10, 7, 1)",10,7,8406000,13907,0.9983455864858435,604.4438052779176,0.21959280917255347,21.95928091725535,0.9517789981597065,95.17789981597065,2.745461329999671,Success
../data/preprocessed/093/auditory/run01_epochs.npz,093,auditory,run01,TT,"(1, 10, 10, 1)",10,10,8406000,19010,0.9977385201046871,442.18832193582324,0.20812243164756936,20.812243164756936,0.9566850534451028,95.66850534451028,2.331189606999942,Success
../data/preprocessed/093/auditory/run01_epochs.npz,093,auditory,run01,TT,"(1, 10, 15, 1)",10,15,8406000,27515,0.996726743,305.50608758858806,0.20680354086993236,20.680354086993237,0.9572322954836582,95.72322954836582,2.3260772749999887,Success
../data/preprocessed/093/auditory/run01_epochs.npz,093,auditory,run01,TT,"(1, 15, 10, 1)",15,10,8406000,21510,0.997441113,390.7949790794979,0.16455489259621078,16.45548925962108,0.9729216873226495,97.29216873226495,2.2869296850003593,Success
../data/preprocessed/093/auditory/run01_epochs.npz,093,auditory,run01,TT,"(1, 15, 15, 1)",15,15,8406000,30765,0.9963401142041399,273.2325694783033,0.15433513360707699,15.433513360707698,0.9761806665344857,97.61806665344857,2.2585943599997336,Success
../data/preprocessed/093/auditory/run01_epochs.npz,093,auditory,run01,TT,"(1, 15, 20, 1)",15,20,8406000,40020,0.9952391149179157,210.04497751124438,0.15400661704820584,15.400661704820584,0.9762819619053673,97.62819619053673,2.3819924689996697,Success
../data/preprocessed/093/auditory/run01_epochs.npz,093,auditory,run01,TT,"(1, 20, 15, 1)",20,15,8406000,34015,0.9959534856055199,247.12626782301925,0.12188885721501248,12.188885721501249,0.9851431064868182,98.51431064868183,2.5847099679995154,Success
../data/preprocessed/093/auditory/run01_epochs.npz,093,auditory,run01,TT,"(1, 20, 20, 1)",20,20,8406000,44020,0.9947632643349988,190.95865515674694,0.12127909361765783,12.127909361765782,0.9852913814512794,98.52913814512793,2.470128594999551,Success
../data/preprocessed/093/auditory/run02_epochs.npz,093,auditory,run02,TT,"(1, 3, 3, 1)",3,3,8406000,5073,0.9993965024982155,1657.0076877587226,0.5131624890292311,51.316248902923114,0.7366642598533244,73.66642598533244,2.4175629309993383,Success
../data/preprocessed/093/auditory/run02_epochs.npz,093,auditory,run02,TT,"(1, 3, 5, 1)",3,5,8406000,8055,0.999041756,1043.5754189944134,0.5084793926744422,50.84793926744422,0.7414487072254304,74.14487072254305,2.0607210289999784,Success
../data/preprocessed/093/auditory/run02_epochs.npz,093,auditory,run02,TT,"(1, 5, 3, 1)",5,3,8406000,5653,0.9993275041636926,1486.9980541305501,0.4123185227869235,41.23185227869235,0.8299934357668093,82.99934357668093,2.4587845910000397,Success
../data/preprocessed/093/auditory/run02_epochs.npz,093,auditory,run02,TT,"(1, 5, 5, 1)",5,5,8406000,8755,0.9989584820366405,960.1370645345517,0.36539171621510225,36.53917162151023,0.8664888937213823,86.64888937213823,2.307081103999735,Success
../data/preprocessed/093/auditory/run02_epochs.npz,093,auditory,run02,TT,"(1, 5, 7, 1)",5,7,8406000,11857,0.9985894599095884,708.9483005819347,0.3649130181366693,36.49130181366693,0.8668384891943868,86.68384891943867,2.2620183810004164,Success
../data/preprocessed/093/auditory/run02_epochs.npz,093,auditory,run02,TT,"(1, 7, 5, 1)",7,5,8406000,9455,0.998875208,889.0534109,0.29313657759528705,29.313657759528706,0.9140709468757223,91.40709468757223,2.7057552009991923,Success
../data/preprocessed/093/auditory/run02_epochs.npz,093,auditory,run02,TT,"(1, 7, 7, 1)",7,7,8406000,12677,0.9984919105400905,663.0906366,0.29117773290085613,29.117773290085612,0.9152155278627178,91.52155278627177,5.126214403999256,Success
../data/preprocessed/093/auditory/run02_epochs.npz,093,auditory,run02,TT,"(1, 7, 10, 1)",7,10,8406000,17510,0.997916964,480.0685322672758,0.2904910898455012,29.04910898455012,0.9156149267203729,91.56149267203729,3.188602686000195,Success
../data/preprocessed/093/auditory/run02_epochs.npz,093,auditory,run02,TT,"(1, 10, 7, 1)",10,7,8406000,13907,0.9983455864858435,604.4438052779176,0.23732732190875083,23.732732190875083,0.9436757422756201,94.36757422756202,2.1806826760002878,Success
../data/preprocessed/093/auditory/run02_epochs.npz,093,auditory,run02,TT,"(1, 10, 10, 1)",10,10,8406000,19010,0.9977385201046871,442.18832193582324,0.2358086728357153,23.58086728357153,0.9443942698154586,94.43942698154586,2.160521984999832,Success
../data/preprocessed/093/auditory/run02_epochs.npz,093,auditory,run02,TT,"(1, 10, 15, 1)",10,15,8406000,27515,0.996726743,305.50608758858806,0.23521391342381245,23.521391342381246,0.9446744149318553,94.46744149318553,2.185922376000235,Success
../data/preprocessed/093/auditory/run02_epochs.npz,093,auditory,run02,TT,"(1, 15, 10, 1)",15,10,8406000,21510,0.997441113,390.7949790794979,0.1816844211322721,18.168442113227208,0.9669907711178312,96.69907711178311,3.3588803700004064,Success
../data/preprocessed/093/auditory/run02_epochs.npz,093,auditory,run02,TT,"(1, 15, 15, 1)",15,15,8406000,30765,0.9963401142041399,273.2325694783033,0.1800195409414962,18.001954094149617,0.967592965,96.75929649,2.568642739999632,Success
../data/preprocessed/093/auditory/run02_epochs.npz,093,auditory,run02,TT,"(1, 15, 20, 1)",15,20,8406000,40020,0.9952391149179157,210.04497751124438,0.17971469505184587,17.971469505184587,0.967702628,96.77026284,2.6706859370005986,Success
../data/preprocessed/093/auditory/run02_epochs.npz,093,auditory,run02,TT,"(1, 20, 15, 1)",20,15,8406000,34015,0.9959534856055199,247.12626782301925,0.1476749359883583,14.767493598835829,0.9781921132808343,97.81921132808343,2.635172725999837,Success
../data/preprocessed/093/auditory/run02_epochs.npz,093,auditory,run02,TT,"(1, 20, 20, 1)",20,20,8406000,44020,0.9947632643349988,190.95865515674694,0.14718614238358887,14.718614238358887,0.978336239,97.83362395,2.9318918599992685,Success
../data/preprocessed/093/motor/run01_epochs.npz,093,motor,run01,TT,"(1, 3, 3, 1)",3,3,3656610,4734,0.9987053582416501,772.4144486692015,0.3113508137168145,31.13508137168145,0.9030606707978774,90.30606707978774,1.2830902100004096,Success
../data/preprocessed/093/motor/run01_epochs.npz,093,motor,run01,TT,"(1, 3, 5, 1)",3,5,3656610,7716,0.9978898487943751,473.89968895800934,0.29525025126361054,29.525025126361054,0.9128272891287749,91.28272891287749,0.8470774960005656,Success
../data/preprocessed/093/motor/run01_epochs.npz,093,motor,run01,TT,"(1, 5, 3, 1)",5,3,3656610,5088,0.9986085472609877,718.6733490566038,0.26396333910646286,26.396333910646284,0.9303233556077665,93.03233556077664,1.2104578379994564,Success
../data/preprocessed/093/motor/run01_epochs.npz,093,motor,run01,TT,"(1, 5, 5, 1)",5,5,3656610,8190,0.9977602205321322,446.4725274725275,0.21801976498835043,21.801976498835042,0.9524673820744245,95.24673820744245,0.7792142119997152,Success
../data/preprocessed/093/motor/run01_epochs.npz,093,motor,run01,TT,"(1, 5, 7, 1)",5,7,3656610,11292,0.9969118938032768,323.8230605738576,0.21367055584876982,21.367055584876983,0.9543448935632778,95.43448935632777,1.180659994999587,Success
../data/preprocessed/093/motor/run01_epochs.npz,093,motor,run01,TT,"(1, 7, 5, 1)",7,5,3656610,8664,0.9976305922698894,422.04639889196676,0.19109793658036744,19.109793658036743,0.9634815786347258,96.34815786347258,1.0229077359999792,Success
../data/preprocessed/093/motor/run01_epochs.npz,093,motor,run01,TT,"(1, 7, 7, 1)",7,7,3656610,11886,0.9967494482594534,307.64008076728925,0.1779406299274252,17.79406299274252,0.9683371322210311,96.83371322210311,0.8260631610000928,Success
../data/preprocessed/093/motor/run01_epochs.npz,093,motor,run01,TT,"(1, 7, 10, 1)",7,10,3656610,16719,0.9954277322437995,218.70985106764758,0.17493525800226895,17.493525800226895,0.9693976555076796,96.93976555076796,1.0387027560000206,Success
../data/preprocessed/093/motor/run01_epochs.npz,093,motor,run01,TT,"(1, 10, 7, 1)",10,7,3656610,12777,0.9965057799437184,286.1868983,0.1455634622179391,14.556346221793909,0.9788112784671266,97.88112784671266,2.712843935,Success
../data/preprocessed/093/motor/run01_epochs.npz,093,motor,run01,TT,"(1, 10, 10, 1)",10,10,3656610,17880,0.9951102250445084,204.50838926174498,0.1395207411249078,13.95207411249078,0.9805339627959565,98.05339627959565,1.4256611740001972,Success
../data/preprocessed/093/motor/run01_epochs.npz,093,motor,run01,TT,"(1, 10, 15, 1)",10,15,3656610,26385,0.9927843002124919,138.58669698692438,0.1370094526327462,13.700945263274619,0.9812284098892753,98.12284098892754,0.9701136160001624,Success
../data/preprocessed/093/motor/run01_epochs.npz,093,motor,run01,TT,"(1, 15, 10, 1)",15,10,3656610,19815,0.9945810463790232,184.53747161241483,0.10827853527497804,10.827853527497803,0.9882757587987053,98.82757587987054,1.9645570339998812,Success
../data/preprocessed/093/motor/run01_epochs.npz,093,motor,run01,TT,"(1, 15, 15, 1)",15,15,3656610,29070,0.9920500135371286,125.78637770897832,0.10097197862548003,10.097197862548004,0.9898046595324556,98.98046595324556,1.616829405000317,Success
../data/preprocessed/093/motor/run01_epochs.npz,093,motor,run01,TT,"(1, 15, 20, 1)",15,20,3656610,38325,0.9895189806952341,95.41056751,0.10031739017812598,10.031739017812598,0.9899364212278496,98.99364212278496,1.1799837509997815,Success
../data/preprocessed/093/motor/run01_epochs.npz,093,motor,run01,TT,"(1, 20, 15, 1)",20,15,3656610,31755,0.9913157268617654,115.15068493150685,0.079952449,7.995244896176867,0.9936076059050157,99.36076059050157,1.2060300340008325,Success
../data/preprocessed/093/motor/run01_epochs.npz,093,motor,run01,TT,"(1, 20, 20, 1)",20,20,3656610,41760,0.9885795860099929,87.5625,0.078845529,7.884552949722878,0.9937833824783017,99.37833824783017,2.452122124000198,Success
../data/preprocessed/093/motor/run02_epochs.npz,093,motor,run02,TT,"(1, 3, 3, 1)",3,3,2647890,4662,0.9982393528432072,567.972973,0.3862377299012045,38.62377299012045,0.8508204160007642,85.08204160007642,0.4717703989999791,Success
../data/preprocessed/093/motor/run02_epochs.npz,093,motor,run02,TT,"(1, 3, 5, 1)",3,5,2647890,7644,0.9971131731303038,346.4010989010989,0.36840392,36.84039198,0.864278552,86.42785518416541,0.5994631869998557,Success
../data/preprocessed/093/motor/run02_epochs.npz,093,motor,run02,TT,"(1, 5, 3, 1)",5,3,2647890,4968,0.9981237891302132,532.9891304347826,0.32055894584603756,32.055894584603756,0.8972419622380772,89.72419622380772,0.8161213319999661,Success
../data/preprocessed/093/motor/run02_epochs.npz,093,motor,run02,TT,"(1, 5, 5, 1)",5,5,2647890,8070,0.9969522903141746,328.1152416356877,0.2748325051271774,27.48325051271774,0.924467094,92.44670941,0.7392879150002045,Success
../data/preprocessed/093/motor/run02_epochs.npz,093,motor,run02,TT,"(1, 5, 7, 1)",5,7,2647890,11172,0.9957807914981363,237.01127819548873,0.2687911500031285,26.879115000312847,0.9277513176799956,92.77513176799957,0.6424597400000494,Success
../data/preprocessed/093/motor/run02_epochs.npz,093,motor,run02,TT,"(1, 7, 5, 1)",7,5,2647890,8496,0.9967914074980456,311.6631355932203,0.23712463347452833,23.712463347452832,0.9437719081995706,94.37719081995706,0.6894456950003587,Success
../data/preprocessed/093/motor/run02_epochs.npz,093,motor,run02,TT,"(1, 7, 7, 1)",7,7,2647890,11718,0.9955745895788722,225.96774193548387,0.2211048032142743,22.11048032142743,0.951112666,95.1112666,0.6929221450000114,Success
../data/preprocessed/093/motor/run02_epochs.npz,093,motor,run02,TT,"(1, 7, 10, 1)",7,10,2647890,16551,0.9937493627001122,159.98368678629691,0.2156715042935466,21.56715042935466,0.9534858022357587,95.34858022357588,0.989881013,Success
../data/preprocessed/093/motor/run02_epochs.npz,093,motor,run02,TT,"(1, 10, 7, 1)",10,7,2647890,12537,0.9952652866999762,211.20603015075378,0.18194686203822305,18.194686203822304,0.9668953393944438,96.68953393944439,0.8466577549997965,Success
../data/preprocessed/093/motor/run02_epochs.npz,093,motor,run02,TT,"(1, 10, 10, 1)",10,10,2647890,17640,0.9933380918391626,150.10714285714286,0.1705581624703251,17.05581624703251,0.9709099132147462,97.09099132147462,2.0665899100004026,Success
../data/preprocessed/093/motor/run02_epochs.npz,093,motor,run02,TT,"(1, 10, 15, 1)",10,15,2647890,26145,0.9901261,101.27710843373494,0.16611819952909138,16.611819952909137,0.972404744,97.24047438,2.578378275000432,Success
../data/preprocessed/093/motor/run02_epochs.npz,093,motor,run02,TT,"(1, 15, 10, 1)",15,10,2647890,19455,0.9926526404042464,136.10331534309947,0.1292553981824521,12.92553981824521,0.9832930420406958,98.32930420406957,0.6938180309998643,Success
../data/preprocessed/093/motor/run02_epochs.npz,093,motor,run02,TT,"(1, 15, 15, 1)",15,15,2647890,28710,0.9891574045749635,92.22884012539186,0.11807118800963179,11.80711880096318,0.9860591945619942,98.60591945619942,1.9897902170005182,Success
../data/preprocessed/093/motor/run02_epochs.npz,093,motor,run02,TT,"(1, 15, 20, 1)",15,20,2647890,37965,0.9856621687456806,69.74555511655473,0.11720940196290654,11.720940196290654,0.9862619560914978,98.62619560914978,0.6565552339998248,Success
../data/preprocessed/093/motor/run02_epochs.npz,093,motor,run02,TT,"(1, 20, 15, 1)",20,15,2647890,31275,0.988188709,84.66474820143885,0.087471713,8.747171327692707,0.992348699,99.23486994,0.763602927,Success
../data/preprocessed/093/motor/run02_epochs.npz,093,motor,run02,TT,"(1, 20, 20, 1)",20,20,2647890,41280,0.9844102285215776,64.14462209302326,0.085761109,8.576110853009256,0.9926450322636897,99.26450322636897,0.7686510960002124,Success
../data/preprocessed/093/motor/run03_epochs.npz,093,motor,run03,TT,"(1, 3, 3, 1)",3,3,2984130,4686,0.998429693,636.8181818181819,0.38439295473381785,38.43929547338178,0.8522420563510051,85.22420563510052,0.6087139830005981,Success
../data/preprocessed/093/motor/run03_epochs.npz,093,motor,run03,TT,"(1, 3, 5, 1)",3,5,2984130,7668,0.9974304068522484,389.1666666666667,0.37258991921192824,37.25899192119282,0.8611767521016489,86.11767521016489,0.6465018650005732,Success
../data/preprocessed/093/motor/run03_epochs.npz,093,motor,run03,TT,"(1, 5, 3, 1)",5,3,2984130,5008,0.9983217889301069,595.8726038338658,0.3322349110057282,33.22349110057282,0.8896199639090159,88.96199639090159,0.6967307539998728,Success
../data/preprocessed/093/motor/run03_epochs.npz,093,motor,run03,TT,"(1, 5, 5, 1)",5,5,2984130,8110,0.9972822899806644,367.95684340320594,0.2897753986998157,28.977539869981573,0.9160302183083628,91.60302183083628,0.5900559319998138,Success
../data/preprocessed/093/motor/run03_epochs.npz,093,motor,run03,TT,"(1, 5, 7, 1)",5,7,2984130,11212,0.9962427910312218,266.1550124866215,0.2828562603502362,28.28562603502362,0.9199923359806794,91.99923359806795,0.5655257640000855,Success
../data/preprocessed/093/motor/run03_epochs.npz,093,motor,run03,TT,"(1, 7, 5, 1)",7,5,2984130,8552,0.9971341731090804,348.9394294,0.2593447908228643,25.934479082286433,0.9327402794730447,93.27402794730448,0.7051391840004726,Success
../data/preprocessed/093/motor/run03_epochs.npz,093,motor,run03,TT,"(1, 7, 7, 1)",7,7,2984130,11774,0.9960544614343209,253.45082384915918,0.2465514520959014,24.65514520959014,0.9392123814694024,93.92123814694024,0.7222260569997161,Success
../data/preprocessed/093/motor/run03_epochs.npz,093,motor,run03,TT,"(1, 7, 10, 1)",7,10,2984130,16607,0.9944348939221817,179.69109411693864,0.24108363791438994,24.108363791438993,0.9418786795299633,94.18786795299633,0.4605115529993782,Success
../data/preprocessed/093/motor/run03_epochs.npz,093,motor,run03,TT,"(1, 10, 7, 1)",10,7,2984130,12617,0.9957719670389695,236.5166045811207,0.20685187341248615,20.685187341248614,0.9572123024657448,95.72123024657448,0.6292219860006298,Success
../data/preprocessed/093/motor/run03_epochs.npz,093,motor,run03,TT,"(1, 10, 10, 1)",10,10,2984130,17720,0.9940619208948672,168.4046275395034,0.19578984277011185,19.578984277011184,0.9616663374680549,96.16663374680549,0.7724108789998354,Success
../data/preprocessed/093/motor/run03_epochs.npz,093,motor,run03,TT,"(1, 10, 15, 1)",10,15,2984130,26225,0.991211844,113.78951382268828,0.1928879742115431,19.28879742115431,0.962794229,96.27942294,0.6177726200003235,Success
../data/preprocessed/093/motor/run03_epochs.npz,093,motor,run03,TT,"(1, 15, 10, 1)",15,10,2984130,19575,0.9934402991826764,152.44597701149425,0.1418476659689099,14.184766596890992,0.9798792396591726,97.98792396591726,0.8039484289993197,Success
../data/preprocessed/093/motor/run03_epochs.npz,093,motor,run03,TT,"(1, 15, 15, 1)",15,15,2984130,28830,0.9903388927426084,103.50780437044745,0.13267556883512685,13.267556883512684,0.9823971934342756,98.23971934342755,0.6812611719997221,Success
../data/preprocessed/093/motor/run03_epochs.npz,093,motor,run03,TT,"(1, 15, 20, 1)",15,20,2984130,38085,0.9872374863025405,78.35447026388341,0.1316362598667588,13.16362598667588,0.9826718950882911,98.26718951,0.8992973690001236,Success
../data/preprocessed/093/motor/run03_epochs.npz,093,motor,run03,TT,"(1, 20, 15, 1)",20,15,2984130,31435,0.9894659414971868,94.93017337362812,0.10148750876537624,10.148750876537624,0.9897002855645977,98.97002855645977,1.0255986490001305,Success
../data/preprocessed/093/motor/run03_epochs.npz,093,motor,run03,TT,"(1, 20, 20, 1)",20,20,2984130,41440,0.986113206,72.01085907335907,0.099706816,9.970681610418339,0.9900585508223666,99.00585508223666,0.8366032939993602,Success
../data/preprocessed/093/rest/run01_epochs.npz,093,rest,run01,TT,"(1, 3, 3, 1)",3,3,42030,4294,0.8978348798477278,9.788076385654401,0.132177255,13.21772554,0.9825291731584702,98.25291731584701,0.027120561999254278,Success
../data/preprocessed/093/rest/run01_epochs.npz,093,rest,run01,TT,"(1, 3, 5, 1)",3,5,42030,7156,0.8297406614323103,5.873392956959195,0.076069104,7.606910431930005,0.9942134913680595,99.42134913680594,0.005529958,Success
../data/preprocessed/093/rest/run01_epochs.npz,093,rest,run01,TT,"(1, 5, 3, 1)",5,3,42030,4294,0.8978348798477278,9.788076385654401,0.132177255,13.21772554,0.9825291731584702,98.25291731584701,0.004763166,Success
../data/preprocessed/093/rest/run01_epochs.npz,093,rest,run01,TT,"(1, 5, 5, 1)",5,5,42030,7156,0.8297406614323103,5.873392956959195,0.076069104,7.606910431930005,0.9942134913680595,99.42134913680594,0.005886602,Success
../data/preprocessed/093/rest/run01_epochs.npz,093,rest,run01,TT,"(1, 5, 7, 1)",5,7,42030,10018,0.7616464430168927,4.195448193252147,0.049541767,4.954176671785958,0.9975456133504732,99.75456133504733,0.004715896,Success
../data/preprocessed/093/rest/run01_epochs.npz,093,rest,run01,TT,"(1, 7, 5, 1)",7,5,42030,7156,0.8297406614323103,5.873392956959195,0.076069104,7.606910431930005,0.9942134913680595,99.42134913680594,0.015864967000197794,Success
../data/preprocessed/093/rest/run01_epochs.npz,093,rest,run01,TT,"(1, 7, 7, 1)",7,7,42030,10018,0.7616464430168927,4.195448193252147,0.049541767,4.954176671785958,0.9975456133504732,99.75456133504733,0.00866982,Success
../data/preprocessed/093/rest/run01_epochs.npz,093,rest,run01,TT,"(1, 7, 10, 1)",7,10,42030,14311,0.6595051153937663,2.936901684019286,0.033838727983637545,3.3838727983637544,0.9988549404884494,99.88549404884493,0.008258542,Success
../data/preprocessed/093/rest/run01_epochs.npz,093,rest,run01,TT,"(1, 10, 7, 1)",10,7,42030,10018,0.7616464430168927,4.195448193252147,0.049541767,4.954176671785958,0.9975456133504732,99.75456133504733,0.004829671,Success
../data/preprocessed/093/rest/run01_epochs.npz,093,rest,run01,TT,"(1, 10, 10, 1)",10,10,42030,14311,0.6595051153937663,2.936901684019286,0.033838727983637545,3.3838727983637544,0.9988549404884494,99.88549404884493,0.004865217,Success
../data/preprocessed/093/rest/run01_epochs.npz,093,rest,run01,TT,"(1, 10, 15, 1)",10,15,42030,21466,0.4892695693552225,1.9579800614925928,0.020469292499867564,2.046929249986756,0.9995810080645549,99.95810080645549,0.007049357,Success
../data/preprocessed/093/rest/run01_epochs.npz,093,rest,run01,TT,"(1, 15, 10, 1)",15,10,42030,14311,0.6595051153937663,2.936901684019286,0.033838727983637545,3.3838727983637544,0.9988549404884494,99.88549404884493,0.004904667,Success
../data/preprocessed/093/rest/run01_epochs.npz,093,rest,run01,TT,"(1, 15, 15, 1)",15,15,42030,21466,0.4892695693552225,1.9579800614925928,0.020469292499867564,2.046929249986756,0.9995810080645549,99.95810080645549,0.047791393,Success
../data/preprocessed/093/rest/run01_epochs.npz,093,rest,run01,TT,"(1, 15, 20, 1)",15,20,42030,28621,0.3190340233166785,1.4685021487718808,0.012095268564791335,1.2095268564791335,0.9998537044783455,99.98537044783455,0.090535676,Success
../data/preprocessed/093/rest/run01_epochs.npz,093,rest,run01,TT,"(1, 20, 15, 1)",20,15,42030,21466,0.4892695693552225,1.9579800614925928,0.020469292499867564,2.046929249986756,0.9995810080645549,99.95810080645549,0.005006043,Success
../data/preprocessed/093/rest/run01_epochs.npz,093,rest,run01,TT,"(1, 20, 20, 1)",20,20,42030,28621,0.3190340233166785,1.4685021487718808,0.012095268564791335,1.2095268564791335,0.9998537044783455,99.98537044783455,0.006002033,Success
../data/preprocessed/093/somatosensory/run01_epochs.npz,093,somatosensory,run01,TT,"(1, 3, 3, 1)",3,3,8910360,5109,0.9994266224933672,1744.0516735173223,0.3498851765286902,34.98851765286902,0.8775803632454873,87.75803632454873,2.5270619600005375,Success
../data/preprocessed/093/somatosensory/run01_epochs.npz,093,somatosensory,run01,TT,"(1, 3, 5, 1)",3,5,8910360,8091,0.9990919558805705,1101.2680756395996,0.34457966154443725,34.457966154443724,0.8812648568499211,88.12648568,3.248268956999709,Success
../data/preprocessed/093/somatosensory/run01_epochs.npz,093,somatosensory,run01,TT,"(1, 5, 3, 1)",5,3,8910360,5713,0.9993588362310838,1559.6639243829861,0.3130452367809194,31.30452367809194,0.9020026797287781,90.20026797287781,4.036444149,Success
../data/preprocessed/093/somatosensory/run01_epochs.npz,093,somatosensory,run01,TT,"(1, 5, 5, 1)",5,5,8910360,8815,0.9990107021489592,1010.8179239931934,0.27947571005647676,27.947571005647674,0.9218933274884281,92.18933274884282,3.573303371000293,Success
../data/preprocessed/093/somatosensory/run01_epochs.npz,093,somatosensory,run01,TT,"(1, 5, 7, 1)",5,7,8910360,11917,0.9986625680668345,747.7016027523706,0.2743206046139561,27.432060461395608,0.9247482058842336,92.47482058842336,3.0458260360001077,Success
../data/preprocessed/093/somatosensory/run01_epochs.npz,093,somatosensory,run01,TT,"(1, 7, 5, 1)",7,5,8910360,9539,0.9989294484173479,934.0979138274453,0.2523165361335873,25.23165361335873,0.9363363655935482,93.63363655935481,3.933805452999877,Success
../data/preprocessed/093/somatosensory/run01_epochs.npz,093,somatosensory,run01,TT,"(1, 7, 7, 1)",7,7,8910360,12761,0.9985678468658954,698.2493534989421,0.2261565781613306,22.615657816133062,0.948853202,94.88532022,4.088998098000047,Success
../data/preprocessed/093/somatosensory/run01_epochs.npz,093,somatosensory,run01,TT,"(1, 7, 10, 1)",7,10,8910360,17594,0.9980254445387168,506.44310560418324,0.22301423977991572,22.301423977991572,0.9502646488553862,95.02646488553862,5.067253838999932,Success
../data/preprocessed/093/somatosensory/run01_epochs.npz,093,somatosensory,run01,TT,"(1, 10, 7, 1)",10,7,8910360,14027,0.9984257650644868,635.2292008269766,0.17853170020860573,17.853170020860574,0.9681264320206245,96.81264320206246,3.162868019000598,Success
../data/preprocessed/093/somatosensory/run01_epochs.npz,093,somatosensory,run01,TT,"(1, 10, 10, 1)",10,10,8910360,19130,0.9978530609313204,465.77940407736537,0.16812415848739987,16.812415848739988,0.9717342673329037,97.17342673329037,8.047676444999524,Success
../data/preprocessed/093/somatosensory/run01_epochs.npz,093,somatosensory,run01,TT,"(1, 10, 15, 1)",10,15,8910360,27635,0.9968985540427099,322.4302514926723,0.16716612942269454,16.716612942269453,0.9720554851738349,97.20554851738349,5.091033437999613,Success
../data/preprocessed/093/somatosensory/run01_epochs.npz,093,somatosensory,run01,TT,"(1, 15, 10, 1)",15,10,8910360,21690,0.9975657549189931,410.80497925311204,0.12886065719739975,12.886065719739975,0.9833949310266542,98.33949310266541,2.790091850999488,Success
../data/preprocessed/093/somatosensory/run01_epochs.npz,093,somatosensory,run01,TT,"(1, 15, 15, 1)",15,15,8910360,30945,0.9965270763470836,287.9418322830829,0.12213848071195653,12.213848071195653,0.985082192,98.50821915,2.6138285090000863,Success
../data/preprocessed/093/somatosensory/run01_epochs.npz,093,somatosensory,run01,TT,"(1, 15, 20, 1)",15,20,8910360,40200,0.9954883977751741,221.65074626865672,0.12190427167984372,12.190427167984371,0.9851393485462069,98.51393485462069,2.539192207999804,Success
../data/preprocessed/093/somatosensory/run01_epochs.npz,093,somatosensory,run01,TT,"(1, 20, 15, 1)",20,15,8910360,34255,0.9961555986514574,260.1185228433805,0.097615878,9.761587789746985,0.9904711403823062,99.04711403823062,2.8621744949996355,Success
../data/preprocessed/093/somatosensory/run01_epochs.npz,093,somatosensory,run01,TT,"(1, 20, 20, 1)",20,20,8910360,44260,0.9950327483962489,201.31857207410755,0.097150194,9.715019424,0.99056184,99.05618398,2.7409048330000587,Success
../data/preprocessed/093/somatosensory/run02_epochs.npz,093,somatosensory,run02,TT,"(1, 3, 3, 1)",3,3,8616150,5088,0.9994094810327119,1693.4257075471698,0.3996438808140352,39.96438808140352,0.8402847685278972,84.02847685278972,2.0718651779998254,Success
../data/preprocessed/093/somatosensory/run02_epochs.npz,093,somatosensory,run02,TT,"(1, 3, 5, 1)",3,5,8616150,8070,0.999063387,1067.6765799256505,0.3919212320416935,39.19212320416935,0.846397748,84.63977479,1.8082044950006093,Success
../data/preprocessed/093/somatosensory/run02_epochs.npz,093,somatosensory,run02,TT,"(1, 5, 3, 1)",5,3,8616150,5678,0.9993410049732189,1517.4621345544206,0.35684962594987363,35.68496259498736,0.8726583444594351,87.26583444594351,2.0562023009997574,Success
../data/preprocessed/093/somatosensory/run02_epochs.npz,093,somatosensory,run02,TT,"(1, 5, 5, 1)",5,5,8616150,8780,0.998980983,981.3382687927107,0.2996790333098588,29.96790333098588,0.9101924769944686,91.01924769944686,2.374756057999548,Success
../data/preprocessed/093/somatosensory/run02_epochs.npz,093,somatosensory,run02,TT,"(1, 5, 7, 1)",5,7,8616150,11882,0.998620962,725.1430735566403,0.2983950889781151,29.839508897811513,0.9109603708737427,91.09603708737427,1.9873772040000404,Success
../data/preprocessed/093/somatosensory/run02_epochs.npz,093,somatosensory,run02,TT,"(1, 7, 5, 1)",7,5,8616150,9490,0.9988985799922239,907.9188619599579,0.2512144093311458,25.12144093311458,0.9368913205444035,93.68913205444035,1.9184576859997833,Success
../data/preprocessed/093/somatosensory/run02_epochs.npz,093,somatosensory,run02,TT,"(1, 7, 7, 1)",7,7,8616150,12712,0.9985246310707219,677.7965701699181,0.24242137801145078,24.242137801145077,0.9412318754830292,94.12318754830292,2.2266686840002876,Success
../data/preprocessed/093/somatosensory/run02_epochs.npz,093,somatosensory,run02,TT,"(1, 7, 10, 1)",7,10,8616150,17545,0.9979637076884688,491.0886292390995,0.24145674079825222,24.145674079825223,0.9416986423230856,94.16986423230857,1.993972727000255,Success
../data/preprocessed/093/somatosensory/run02_epochs.npz,093,somatosensory,run02,TT,"(1, 10, 7, 1)",10,7,8616150,13957,0.998380135,617.3353872608727,0.20845481524420217,20.84548152442022,0.9565465900015055,95.65465900015056,2.019233413,Success
../data/preprocessed/093/somatosensory/run02_epochs.npz,093,somatosensory,run02,TT,"(1, 10, 10, 1)",10,10,8616150,19060,0.9977878750950251,452.05403987408187,0.19882953625844252,19.88295362584425,0.9604668155112527,96.04668155112527,2.221826544000578,Success
../data/preprocessed/093/somatosensory/run02_epochs.npz,093,somatosensory,run02,TT,"(1, 10, 15, 1)",10,15,8616150,27565,0.9968007752882668,312.5757300925086,0.19802943126795847,19.802943126795846,0.9607843443516889,96.07843443516889,3.3910901460003515,Success
../data/preprocessed/093/somatosensory/run02_epochs.npz,093,somatosensory,run02,TT,"(1, 15, 10, 1)",15,10,8616150,21585,0.9974948207726189,399.1730368311327,0.14595058725512283,14.595058725512283,0.9786984260798848,97.86984260798847,5.105859659000089,Success
../data/preprocessed/093/somatosensory/run02_epochs.npz,093,somatosensory,run02,TT,"(1, 15, 15, 1)",15,15,8616150,30840,0.9964206751275222,279.38229571984436,0.1413961607674748,14.13961607674748,0.9800071257202184,98.00071257202184,2.2878736909997315,Success
../data/preprocessed/093/somatosensory/run02_epochs.npz,093,somatosensory,run02,TT,"(1, 15, 20, 1)",15,20,8616150,40095,0.9953465294824254,214.89337822671155,0.1411895560821883,14.11895560821883,0.9800655092533146,98.00655092533145,2.4625818690001324,Success
../data/preprocessed/093/somatosensory/run02_epochs.npz,093,somatosensory,run02,TT,"(1, 20, 15, 1)",20,15,8616150,34115,0.9960405749667776,252.5619229078118,0.11157737368925892,11.157737368925892,0.9875504896806074,98.75504896806075,2.190628858999844,Success
../data/preprocessed/093/somatosensory/run02_epochs.npz,093,somatosensory,run02,TT,"(1, 20, 20, 1)",20,20,8616150,44120,0.9948793834833424,195.28898458748867,0.11116554306927068,11.116554306927068,0.9876422220341141,98.7642222,2.131554391999998,Success
