File,Subject,Task,Run,Method,Rank,Rank_R1,Rank_R2,Original_Parameters,Compressed_Parameters,Compression_Ratio,Compression_Factor,Reconstruction_Error,Reconstruction_Error_Percent,Explained_Variance,Explained_Variance_Percent,Runtime_Seconds,Status
/home/master/MasterThesis/OPM-MEG MPS/data/preprocessed_rest_epochs/002/auditory/run01_epochs.npz,002,auditory,run01,TT,"(1, 3, 3, 1)",3,3,8406000,5073,0.9993965024982155,1657.0076877587226,0.5857410717751831,58.57410717751831,0.6569073968356597,65.69073968356597,1.704983727000581,Success
/home/master/MasterThesis/OPM-MEG MPS/data/preprocessed_rest_epochs/002/auditory/run01_epochs.npz,002,auditory,run01,TT,"(1, 3, 5, 1)",3,5,8406000,8055,0.999041756,1043.5754189944134,0.5809826037326411,58.09826037326411,0.6624592141600408,66.24592141600408,2.898590806998982,Success
/home/master/MasterThesis/OPM-MEG MPS/data/preprocessed_rest_epochs/002/auditory/run01_epochs.npz,002,auditory,run01,TT,"(1, 5, 3, 1)",5,3,8406000,5653,0.9993275041636926,1486.9980541305501,0.5417245556536952,54.17245556536952,0.7065345058018067,70.65345058018066,2.8897761850003008,Success
/home/master/MasterThesis/OPM-MEG MPS/data/preprocessed_rest_epochs/002/auditory/run01_epochs.npz,002,auditory,run01,TT,"(1, 5, 5, 1)",5,5,8406000,8755,0.9989584820366405,960.1370645345517,0.5275388453499954,52.75388453499954,0.7217027666467937,72.17027666467936,2.0439299499994377,Success
/home/master/MasterThesis/OPM-MEG MPS/data/preprocessed_rest_epochs/002/auditory/run01_epochs.npz,002,auditory,run01,TT,"(1, 5, 7, 1)",5,7,8406000,11857,0.9985894599095884,708.9483005819347,0.5198701111697369,51.98701111697369,0.7297350675123653,72.97350675123653,1.5325608940001985,Success
/home/master/MasterThesis/OPM-MEG MPS/data/preprocessed_rest_epochs/002/auditory/run01_epochs.npz,002,auditory,run01,TT,"(1, 7, 5, 1)",7,5,8406000,9455,0.998875208,889.0534109,0.485421599,48.54215988,0.7643658714553013,76.43658714553013,1.7982442949996766,Success
/home/master/MasterThesis/OPM-MEG MPS/data/preprocessed_rest_epochs/002/auditory/run01_epochs.npz,002,auditory,run01,TT,"(1, 7, 7, 1)",7,7,8406000,12677,0.9984919105400905,663.0906366,0.46719630031626147,46.719630031626146,0.7817276169707976,78.17276169707976,1.7773772510008712,Success
/home/master/MasterThesis/OPM-MEG MPS/data/preprocessed_rest_epochs/002/auditory/run01_epochs.npz,002,auditory,run01,TT,"(1, 7, 10, 1)",7,10,8406000,17510,0.997916964,480.0685322672758,0.45817615071645196,45.81761507164519,0.790074615,79.00746149,1.763390056,Success
/home/master/MasterThesis/OPM-MEG MPS/data/preprocessed_rest_epochs/002/auditory/run01_epochs.npz,002,auditory,run01,TT,"(1, 10, 7, 1)",10,7,8406000,13907,0.9983455864858435,604.4438052779176,0.42369494412601433,42.36949441260143,0.8204825943220535,82.04825943220536,1.7641001080010028,Success
/home/master/MasterThesis/OPM-MEG MPS/data/preprocessed_rest_epochs/002/auditory/run01_epochs.npz,002,auditory,run01,TT,"(1, 10, 10, 1)",10,10,8406000,19010,0.9977385201046871,442.18832193582324,0.39290696784913287,39.29069678491329,0.8456241146156005,84.56241146156005,1.790185971000028,Success
/home/master/MasterThesis/OPM-MEG MPS/data/preprocessed_rest_epochs/002/auditory/run01_epochs.npz,002,auditory,run01,TT,"(1, 10, 15, 1)",10,15,8406000,27515,0.996726743,305.50608758858806,0.38497707467123576,38.497707467123575,0.8517926519775777,85.17926519775777,1.840157155,Success
/home/master/MasterThesis/OPM-MEG MPS/data/preprocessed_rest_epochs/002/auditory/run01_epochs.npz,002,auditory,run01,TT,"(1, 15, 10, 1)",15,10,8406000,21510,0.997441113,390.7949790794979,0.31885376898413353,31.885376898413355,0.8983322740046128,89.83322740046128,1.6849730020003335,Success
/home/master/MasterThesis/OPM-MEG MPS/data/preprocessed_rest_epochs/002/auditory/run01_epochs.npz,002,auditory,run01,TT,"(1, 15, 15, 1)",15,15,8406000,30765,0.9963401142041399,273.2325694783033,0.29383458825309766,29.383458825309766,0.9136612347461326,91.36612347461326,1.8601328889999422,Success
/home/master/MasterThesis/OPM-MEG MPS/data/preprocessed_rest_epochs/002/auditory/run01_epochs.npz,002,auditory,run01,TT,"(1, 15, 20, 1)",15,20,8406000,40020,0.9952391149179157,210.04497751124438,0.29312346432029585,29.312346432029585,0.9140786346648683,91.40786346648683,1.6649912240009144,Success
/home/master/MasterThesis/OPM-MEG MPS/data/preprocessed_rest_epochs/002/auditory/run01_epochs.npz,002,auditory,run01,TT,"(1, 20, 15, 1)",20,15,8406000,34015,0.9959534856055199,247.12626782301925,0.24177113124389438,24.177113124389436,0.9415467200970475,94.15467200970475,2.0762718000005407,Success
/home/master/MasterThesis/OPM-MEG MPS/data/preprocessed_rest_epochs/002/auditory/run01_epochs.npz,002,auditory,run01,TT,"(1, 20, 20, 1)",20,20,8406000,44020,0.9947632643349988,190.95865515674694,0.24055473730220475,24.055473730220474,0.9421334183614672,94.21334183614672,2.1349732280013995,Success
/home/master/MasterThesis/OPM-MEG MPS/data/preprocessed_rest_epochs/002/auditory/run02_epochs.npz,002,auditory,run02,TT,"(1, 3, 3, 1)",3,3,8406000,5073,0.9993965024982155,1657.0076877587226,0.6904103713530503,69.04103713530503,0.5233335191281432,52.33335191281432,1.6305021019998094,Success
/home/master/MasterThesis/OPM-MEG MPS/data/preprocessed_rest_epochs/002/auditory/run02_epochs.npz,002,auditory,run02,TT,"(1, 3, 5, 1)",3,5,8406000,8055,0.999041756,1043.5754189944134,0.685387577,68.53875771,0.5302438691329127,53.024386913291266,1.5732982120007364,Success
/home/master/MasterThesis/OPM-MEG MPS/data/preprocessed_rest_epochs/002/auditory/run02_epochs.npz,002,auditory,run02,TT,"(1, 5, 3, 1)",5,3,8406000,5653,0.9993275041636926,1486.9980541305501,0.6402278965836896,64.02278965836896,0.5901082404360244,59.01082404360244,2.017387443998814,Success
/home/master/MasterThesis/OPM-MEG MPS/data/preprocessed_rest_epochs/002/auditory/run02_epochs.npz,002,auditory,run02,TT,"(1, 5, 5, 1)",5,5,8406000,8755,0.9989584820366405,960.1370645345517,0.6196784035811821,61.96784035811821,0.6159986761350777,61.599867613507776,1.964390839000771,Success
/home/master/MasterThesis/OPM-MEG MPS/data/preprocessed_rest_epochs/002/auditory/run02_epochs.npz,002,auditory,run02,TT,"(1, 5, 7, 1)",5,7,8406000,11857,0.9985894599095884,708.9483005819347,0.6122750536804479,61.22750536804479,0.6251192586406046,62.51192586406046,1.6913906749996386,Success
/home/master/MasterThesis/OPM-MEG MPS/data/preprocessed_rest_epochs/002/auditory/run02_epochs.npz,002,auditory,run02,TT,"(1, 7, 5, 1)",7,5,8406000,9455,0.998875208,889.0534109,0.5839158791314523,58.39158791314523,0.6590422460981431,65.90422461,1.9239605189995928,Success
/home/master/MasterThesis/OPM-MEG MPS/data/preprocessed_rest_epochs/002/auditory/run02_epochs.npz,002,auditory,run02,TT,"(1, 7, 7, 1)",7,7,8406000,12677,0.9984919105400905,663.0906366,0.5569733849831116,55.697338498311154,0.6897806484204547,68.97806484204547,1.8428331690010964,Success
/home/master/MasterThesis/OPM-MEG MPS/data/preprocessed_rest_epochs/002/auditory/run02_epochs.npz,002,auditory,run02,TT,"(1, 7, 10, 1)",7,10,8406000,17510,0.997916964,480.0685322672758,0.5449885536648622,54.49885536648622,0.7029874763742816,70.29874763742816,1.7888445280004817,Success
/home/master/MasterThesis/OPM-MEG MPS/data/preprocessed_rest_epochs/002/auditory/run02_epochs.npz,002,auditory,run02,TT,"(1, 10, 7, 1)",10,7,8406000,13907,0.9983455864858435,604.4438052779176,0.5106904252947598,51.069042529475986,0.7391952895122573,73.91952895122573,1.8666399729991099,Success
/home/master/MasterThesis/OPM-MEG MPS/data/preprocessed_rest_epochs/002/auditory/run02_epochs.npz,002,auditory,run02,TT,"(1, 10, 10, 1)",10,10,8406000,19010,0.9977385201046871,442.18832193582324,0.4649359672084879,46.49359672084879,0.7838345463959078,78.38345463959078,1.763637228999869,Success
/home/master/MasterThesis/OPM-MEG MPS/data/preprocessed_rest_epochs/002/auditory/run02_epochs.npz,002,auditory,run02,TT,"(1, 10, 15, 1)",10,15,8406000,27515,0.996726743,305.50608758858806,0.45809628160532556,45.809628160532554,0.7901477967793742,79.01477967793741,1.9165799829988828,Success
/home/master/MasterThesis/OPM-MEG MPS/data/preprocessed_rest_epochs/002/auditory/run02_epochs.npz,002,auditory,run02,TT,"(1, 15, 10, 1)",15,10,8406000,21510,0.997441113,390.7949790794979,0.3798800973545745,37.98800973545745,0.855691112,85.56911116,2.108900614999584,Success
/home/master/MasterThesis/OPM-MEG MPS/data/preprocessed_rest_epochs/002/auditory/run02_epochs.npz,002,auditory,run02,TT,"(1, 15, 15, 1)",15,15,8406000,30765,0.9963401142041399,273.2325694783033,0.35373836625913796,35.373836625913796,0.8748691682363161,87.48691682363162,1.9543858699998964,Success
/home/master/MasterThesis/OPM-MEG MPS/data/preprocessed_rest_epochs/002/auditory/run02_epochs.npz,002,auditory,run02,TT,"(1, 15, 20, 1)",15,20,8406000,40020,0.9952391149179157,210.04497751124438,0.35300186916160187,35.300186916160186,0.8753896803684154,87.53896803684154,1.8327442829995562,Success
/home/master/MasterThesis/OPM-MEG MPS/data/preprocessed_rest_epochs/002/auditory/run02_epochs.npz,002,auditory,run02,TT,"(1, 20, 15, 1)",20,15,8406000,34015,0.9959534856055199,247.12626782301925,0.28830613604334204,28.830613604334204,0.916879572,91.68795719,2.049369217998901,Success
/home/master/MasterThesis/OPM-MEG MPS/data/preprocessed_rest_epochs/002/auditory/run02_epochs.npz,002,auditory,run02,TT,"(1, 20, 20, 1)",20,20,8406000,44020,0.9947632643349988,190.95865515674694,0.28705953155142916,28.705953155142915,0.917596825,91.75968253454741,2.1479709149989503,Success
/home/master/MasterThesis/OPM-MEG MPS/data/preprocessed_rest_epochs/002/motor/run01_epochs.npz,002,motor,run01,TT,"(1, 3, 3, 1)",3,3,3068190,4692,0.9984707596335298,653.9194373401534,0.5973058255461587,59.73058255461587,0.6432257507686219,64.32257508,0.5164665040010732,Success
/home/master/MasterThesis/OPM-MEG MPS/data/preprocessed_rest_epochs/002/motor/run01_epochs.npz,002,motor,run01,TT,"(1, 3, 5, 1)",3,5,3068190,7674,0.9974988511141748,399.81626270523844,0.5771348295477194,57.71348295477195,0.6669153885229251,66.69153885229251,0.5509729409986903,Success
/home/master/MasterThesis/OPM-MEG MPS/data/preprocessed_rest_epochs/002/motor/run01_epochs.npz,002,motor,run01,TT,"(1, 5, 3, 1)",5,3,3068190,5018,0.9983645080650155,611.4368274212834,0.5630490277821204,56.30490277821204,0.682975792,68.29757923,0.44789596000009624,Success
/home/master/MasterThesis/OPM-MEG MPS/data/preprocessed_rest_epochs/002/motor/run01_epochs.npz,002,motor,run01,TT,"(1, 5, 5, 1)",5,5,3068190,8120,0.9973534885388454,377.85591133004925,0.5211003195270322,52.11003195270322,0.728454457,72.8454457,0.48361803400075587,Success
/home/master/MasterThesis/OPM-MEG MPS/data/preprocessed_rest_epochs/002/motor/run01_epochs.npz,002,motor,run01,TT,"(1, 5, 7, 1)",5,7,3068190,11222,0.9963424690126752,273.4084833363037,0.5049015705438789,50.490157054387886,0.7450744040623247,74.50744040623248,0.4762361279990728,Success
/home/master/MasterThesis/OPM-MEG MPS/data/preprocessed_rest_epochs/002/motor/run01_epochs.npz,002,motor,run01,TT,"(1, 7, 5, 1)",7,5,3068190,8566,0.9972081259635159,358.1823488209199,0.48735475723644817,48.73547572364482,0.7624853405990029,76.24853405990028,0.46831360700161895,Success
/home/master/MasterThesis/OPM-MEG MPS/data/preprocessed_rest_epochs/002/motor/run01_epochs.npz,002,motor,run01,TT,"(1, 7, 7, 1)",7,7,3068190,11788,0.9961579954305307,260.2807940278249,0.45531155142057356,45.53115514205736,0.7926913911429905,79.26913911429905,0.6325619359995471,Success
/home/master/MasterThesis/OPM-MEG MPS/data/preprocessed_rest_epochs/002/motor/run01_epochs.npz,002,motor,run01,TT,"(1, 7, 10, 1)",7,10,3068190,16621,0.9945827996310528,184.59719631791108,0.4383382029403948,43.833820294039484,0.8078596198429853,80.78596198429852,0.4782465440002852,Success
/home/master/MasterThesis/OPM-MEG MPS/data/preprocessed_rest_epochs/002/motor/run01_epochs.npz,002,motor,run01,TT,"(1, 10, 7, 1)",10,7,3068190,12637,0.9958812850573139,242.79417583287173,0.4103431176468405,41.03431176468405,0.8316185257998714,83.16185257998714,0.5235898459995951,Success
/home/master/MasterThesis/OPM-MEG MPS/data/preprocessed_rest_epochs/002/motor/run01_epochs.npz,002,motor,run01,TT,"(1, 10, 10, 1)",10,10,3068190,17740,0.9942180894925021,172.9532130777903,0.37047816174041726,37.04781617404173,0.8627459316734413,86.27459316734412,0.49587208399861993,Success
/home/master/MasterThesis/OPM-MEG MPS/data/preprocessed_rest_epochs/002/motor/run01_epochs.npz,002,motor,run01,TT,"(1, 10, 15, 1)",10,15,3068190,26245,0.9914460968844824,116.90569632310917,0.3623082,36.23081997,0.868732768,86.87327684,0.5551659020002262,Success
/home/master/MasterThesis/OPM-MEG MPS/data/preprocessed_rest_epochs/002/motor/run01_epochs.npz,002,motor,run01,TT,"(1, 15, 10, 1)",15,10,3068190,19605,0.9936102392615842,156.50038255547054,0.30329268539546034,30.329268539546035,0.9080135469856103,90.80135469856103,0.5364432749993284,Success
/home/master/MasterThesis/OPM-MEG MPS/data/preprocessed_rest_epochs/002/motor/run01_epochs.npz,002,motor,run01,TT,"(1, 15, 15, 1)",15,15,3068190,28860,0.9905938028609701,106.31288981288981,0.27916400718148243,27.916400718148243,0.9220674570943772,92.20674570943773,0.5737842230009846,Success
/home/master/MasterThesis/OPM-MEG MPS/data/preprocessed_rest_epochs/002/motor/run01_epochs.npz,002,motor,run01,TT,"(1, 15, 20, 1)",15,20,3068190,38115,0.9875773664603561,80.49822904,0.27678840328297755,27.678840328297756,0.9233881798080598,92.33881798080597,0.5433850509998592,Success
/home/master/MasterThesis/OPM-MEG MPS/data/preprocessed_rest_epochs/002/motor/run01_epochs.npz,002,motor,run01,TT,"(1, 20, 15, 1)",20,15,3068190,31475,0.9897415088374579,97.48022239872915,0.23171836926290101,23.17183693,0.9463065973461419,94.63065973461418,0.6595402389993978,Success
/home/master/MasterThesis/OPM-MEG MPS/data/preprocessed_rest_epochs/002/motor/run01_epochs.npz,002,motor,run01,TT,"(1, 20, 20, 1)",20,20,3068190,41480,0.9864806286442496,73.96793635486982,0.2274656000736117,22.74656000736117,0.9482594007831517,94.82594007831517,0.7253536099997291,Success
/home/master/MasterThesis/OPM-MEG MPS/data/preprocessed_rest_epochs/002/motor/run02_epochs.npz,002,motor,run02,TT,"(1, 3, 3, 1)",3,3,2942100,4683,0.9984082798001428,628.2511210762332,0.5584276053073558,55.84276053073558,0.6881586096306922,68.81586096306921,0.3954102219995548,Success
/home/master/MasterThesis/OPM-MEG MPS/data/preprocessed_rest_epochs/002/motor/run02_epochs.npz,002,motor,run02,TT,"(1, 3, 5, 1)",3,5,2942100,7665,0.9973947180585296,383.83561643835617,0.5335192111757665,53.35192111757665,0.7153572513063877,71.53572513063877,0.41853955000078713,Success
/home/master/MasterThesis/OPM-MEG MPS/data/preprocessed_rest_epochs/002/motor/run02_epochs.npz,002,motor,run02,TT,"(1, 5, 3, 1)",5,3,2942100,5003,0.9982995139526188,588.0671597041775,0.5255095450285454,52.55095450285454,0.7238397180838914,72.38397180838913,0.4193573140000808,Success
/home/master/MasterThesis/OPM-MEG MPS/data/preprocessed_rest_epochs/002/motor/run02_epochs.npz,002,motor,run02,TT,"(1, 5, 5, 1)",5,5,2942100,8105,0.9972451650181843,362.9981492905614,0.4756619251336121,47.56619251336121,0.773745733,77.3745733,0.4303823520003789,Success
/home/master/MasterThesis/OPM-MEG MPS/data/preprocessed_rest_epochs/002/motor/run02_epochs.npz,002,motor,run02,TT,"(1, 5, 7, 1)",5,7,2942100,11207,0.9961908160837497,262.52342286071206,0.4630871927515773,46.30871927515773,0.7855502519094635,78.55502519094635,0.5509813070002565,Success
/home/master/MasterThesis/OPM-MEG MPS/data/preprocessed_rest_epochs/002/motor/run02_epochs.npz,002,motor,run02,TT,"(1, 7, 5, 1)",7,5,2942100,8545,0.9970956119778389,344.3066120538326,0.45160577473877234,45.16057747387723,0.7960522242225931,79.60522242225932,0.44637009399957606,Success
/home/master/MasterThesis/OPM-MEG MPS/data/preprocessed_rest_epochs/002/motor/run02_epochs.npz,002,motor,run02,TT,"(1, 7, 7, 1)",7,7,2942100,11767,0.9960004758505829,250.02974419988104,0.4161608281539065,41.61608281539065,0.8268101651102547,82.68101651102548,0.5158460450002167,Success
/home/master/MasterThesis/OPM-MEG MPS/data/preprocessed_rest_epochs/002/motor/run02_epochs.npz,002,motor,run02,TT,"(1, 7, 10, 1)",7,10,2942100,16600,0.9943577716596989,177.23493975903614,0.39880771228103895,39.880771228103896,0.8409524086251641,84.09524086,0.4550655140010349,Success
/home/master/MasterThesis/OPM-MEG MPS/data/preprocessed_rest_epochs/002/motor/run02_epochs.npz,002,motor,run02,TT,"(1, 10, 7, 1)",10,7,2942100,12607,0.9957149655008327,233.37034980566352,0.38777967332556357,38.77796733255636,0.8496269249555193,84.96269249555193,0.4682733779991395,Success
/home/master/MasterThesis/OPM-MEG MPS/data/preprocessed_rest_epochs/002/motor/run02_epochs.npz,002,motor,run02,TT,"(1, 10, 10, 1)",10,10,2942100,17710,0.9939804901261005,166.12648221343875,0.340362903,34.03629027,0.8841530944988075,88.41530944988075,0.472230153,Success
/home/master/MasterThesis/OPM-MEG MPS/data/preprocessed_rest_epochs/002/motor/run02_epochs.npz,002,motor,run02,TT,"(1, 10, 15, 1)",10,15,2942100,26215,0.9910896978348799,112.22963951935914,0.3302198943827479,33.02198943827479,0.8909548213538468,89.09548213538469,0.4559648949998518,Success
/home/master/MasterThesis/OPM-MEG MPS/data/preprocessed_rest_epochs/002/motor/run02_epochs.npz,002,motor,run02,TT,"(1, 15, 10, 1)",15,10,2942100,19560,0.993351688,150.41411042944785,0.28875443897256164,28.875443897256165,0.9166208739736412,91.66208739736412,0.5343211119998159,Success
/home/master/MasterThesis/OPM-MEG MPS/data/preprocessed_rest_epochs/002/motor/run02_epochs.npz,002,motor,run02,TT,"(1, 15, 15, 1)",15,15,2942100,28815,0.9902059753237483,102.10307131702238,0.25983945205678766,25.983945205678765,0.9324834591548283,93.24834591548283,0.528939921,Success
/home/master/MasterThesis/OPM-MEG MPS/data/preprocessed_rest_epochs/002/motor/run02_epochs.npz,002,motor,run02,TT,"(1, 15, 20, 1)",15,20,2942100,38070,0.9870602630773937,77.28132387706856,0.2564228195599257,25.64228195599257,0.9342473376089379,93.42473376089379,0.5197420610002155,Success
/home/master/MasterThesis/OPM-MEG MPS/data/preprocessed_rest_epochs/002/motor/run02_epochs.npz,002,motor,run02,TT,"(1, 20, 15, 1)",20,15,2942100,31415,0.9893222528126169,93.65271367181283,0.22018959995031084,22.018959995031086,0.9515165400737221,95.15165400737222,0.6116112830004568,Success
/home/master/MasterThesis/OPM-MEG MPS/data/preprocessed_rest_epochs/002/motor/run02_epochs.npz,002,motor,run02,TT,"(1, 20, 20, 1)",20,20,2942100,41420,0.9859216206111281,71.03090294543699,0.21485790002115374,21.485790002115372,0.953836083,95.38360828,0.6753891300013493,Success
/home/master/MasterThesis/OPM-MEG MPS/data/preprocessed_rest_epochs/002/motor/run03_epochs.npz,002,motor,run03,TT,"(1, 3, 3, 1)",3,3,3110220,4695,0.9984904604818952,662.4536741214057,0.5941721496413916,59.41721496413916,0.6469594565905277,64.69594565905277,0.41290563000075053,Success
/home/master/MasterThesis/OPM-MEG MPS/data/preprocessed_rest_epochs/002/motor/run03_epochs.npz,002,motor,run03,TT,"(1, 3, 5, 1)",3,5,3110220,7677,0.9975316858614504,405.1348182883939,0.5673322039248967,56.73322039248967,0.6781341703897193,67.81341703897193,0.44631954099895665,Success
/home/master/MasterThesis/OPM-MEG MPS/data/preprocessed_rest_epochs/002/motor/run03_epochs.npz,002,motor,run03,TT,"(1, 5, 3, 1)",5,3,3110220,5023,0.9983850017040595,619.1956997810074,0.5699111613126177,56.99111613126176,0.6752012682113036,67.52012682113036,0.5275320659984573,Success
/home/master/MasterThesis/OPM-MEG MPS/data/preprocessed_rest_epochs/002/motor/run03_epochs.npz,002,motor,run03,TT,"(1, 5, 5, 1)",5,5,3110220,8125,0.9973876446039187,382.79630769230766,0.5024586425975096,50.24586425975096,0.747535312,74.75353125,0.44944311600011133,Success
/home/master/MasterThesis/OPM-MEG MPS/data/preprocessed_rest_epochs/002/motor/run03_epochs.npz,002,motor,run03,TT,"(1, 5, 7, 1)",5,7,3110220,11227,0.9963902875037779,277.03037320744636,0.4893722237941295,48.93722237941295,0.7605148265787884,76.05148265787885,0.47128438300023845,Success
/home/master/MasterThesis/OPM-MEG MPS/data/preprocessed_rest_epochs/002/motor/run03_epochs.npz,002,motor,run03,TT,"(1, 7, 5, 1)",7,5,3110220,8573,0.9972436033463871,362.7924880438586,0.4828746044412217,48.28746044412217,0.7668321163857337,76.68321163857337,0.4818882029994711,Success
/home/master/MasterThesis/OPM-MEG MPS/data/preprocessed_rest_epochs/002/motor/run03_epochs.npz,002,motor,run03,TT,"(1, 7, 7, 1)",7,7,3110220,11795,0.9962076637665502,263.6896990250106,0.4454073251937556,44.54073251937556,0.801612315,80.16123147,0.47613951199855364,Success
/home/master/MasterThesis/OPM-MEG MPS/data/preprocessed_rest_epochs/002/motor/run03_epochs.npz,002,motor,run03,TT,"(1, 7, 10, 1)",7,10,3110220,16628,0.994653754,187.04714938657685,0.4251358901770381,42.513589017703815,0.8192594748833774,81.92594748833774,0.47363551600028586,Success
/home/master/MasterThesis/OPM-MEG MPS/data/preprocessed_rest_epochs/002/motor/run03_epochs.npz,002,motor,run03,TT,"(1, 10, 7, 1)",10,7,3110220,12647,0.9959337281607089,245.92551593263224,0.40112608125632787,40.11260812563279,0.8390978669359419,83.90978669359419,0.4944007860012789,Success
/home/master/MasterThesis/OPM-MEG MPS/data/preprocessed_rest_epochs/002/motor/run03_epochs.npz,002,motor,run03,TT,"(1, 10, 10, 1)",10,10,3110220,17750,0.9942930082116378,175.22366197183098,0.35279187961491254,35.27918796149125,0.87553789,87.55378897,0.6940831569991133,Success
/home/master/MasterThesis/OPM-MEG MPS/data/preprocessed_rest_epochs/002/motor/run03_epochs.npz,002,motor,run03,TT,"(1, 10, 15, 1)",10,15,3110220,26255,0.9915584749631858,118.46200723671681,0.3435070469438163,34.350704694381626,0.8820029086999388,88.20029086999388,0.5424686039987137,Success
/home/master/MasterThesis/OPM-MEG MPS/data/preprocessed_rest_epochs/002/motor/run03_epochs.npz,002,motor,run03,TT,"(1, 15, 10, 1)",15,10,3110220,19620,0.9936917645697089,158.52293577981652,0.2879644203092827,28.796442030928272,0.9170764926359387,91.70764926359386,0.5986556779989769,Success
/home/master/MasterThesis/OPM-MEG MPS/data/preprocessed_rest_epochs/002/motor/run03_epochs.npz,002,motor,run03,TT,"(1, 15, 15, 1)",15,15,3110220,28875,0.9907160908231573,107.71324675324675,0.2631435600602876,26.31435600602876,0.9307554667987978,93.07554667987978,0.6061334170008195,Success
/home/master/MasterThesis/OPM-MEG MPS/data/preprocessed_rest_epochs/002/motor/run03_epochs.npz,002,motor,run03,TT,"(1, 15, 20, 1)",15,20,3110220,38130,0.9877404170766055,81.56884343036978,0.26015403771714324,26.015403771714325,0.9323198766594673,93.23198766594672,0.6038704810016498,Success
/home/master/MasterThesis/OPM-MEG MPS/data/preprocessed_rest_epochs/002/motor/run03_epochs.npz,002,motor,run03,TT,"(1, 20, 15, 1)",20,15,3110220,31495,0.9898737066831286,98.75281790760438,0.2219955565030206,22.19955565030206,0.9507179728929142,95.07179728929141,0.7462657569994917,Success
/home/master/MasterThesis/OPM-MEG MPS/data/preprocessed_rest_epochs/002/motor/run03_epochs.npz,002,motor,run03,TT,"(1, 20, 20, 1)",20,20,3110220,41500,0.986656892,74.94506024096385,0.2171275132414251,21.71275132414251,0.9528556429935948,95.28556429935948,0.6742739419987629,Success
/home/master/MasterThesis/OPM-MEG MPS/data/preprocessed_rest_epochs/002/rest/run01_epochs.npz,002,rest,run01,TT,"(1, 3, 3, 1)",3,3,19417860,5859,0.9996982674712868,3314.1935483870966,0.8283251300595906,82.83251300595906,0.3138774789117629,31.38774789117629,4.843170367999846,Success
/home/master/MasterThesis/OPM-MEG MPS/data/preprocessed_rest_epochs/002/rest/run01_epochs.npz,002,rest,run01,TT,"(1, 3, 5, 1)",3,5,19417860,8841,0.9995446975104363,2196.342042755344,0.7961713749320348,79.61713749320349,0.36611114173883463,36.611114173883465,4.643905887000074,Success
/home/master/MasterThesis/OPM-MEG MPS/data/preprocessed_rest_epochs/002/rest/run01_epochs.npz,002,rest,run01,TT,"(1, 5, 3, 1)",5,3,19417860,6963,0.9996414125964447,2788.7203791469196,0.7641256855983323,76.41256855983323,0.41611193660887946,41.61119366088795,5.053015155,Success
/home/master/MasterThesis/OPM-MEG MPS/data/preprocessed_rest_epochs/002/rest/run01_epochs.npz,002,rest,run01,TT,"(1, 5, 5, 1)",5,5,19417860,10065,0.9994816627578941,1929.2459016393443,0.6848643010385225,68.48643010385224,0.5309608891630162,53.09608891630162,5.119247150001684,Success
/home/master/MasterThesis/OPM-MEG MPS/data/preprocessed_rest_epochs/002/rest/run01_epochs.npz,002,rest,run01,TT,"(1, 5, 7, 1)",5,7,19417860,13167,0.9993219129193434,1474.7368421052631,0.6783588809370096,67.83588809370096,0.5398292286538884,53.982922865388836,5.468641269000727,Success
/home/master/MasterThesis/OPM-MEG MPS/data/preprocessed_rest_epochs/002/rest/run01_epochs.npz,002,rest,run01,TT,"(1, 7, 5, 1)",7,5,19417860,11289,0.9994186280053518,1720.0690938081318,0.6347248313258571,63.47248313258571,0.5971243884983628,59.71243884983628,5.041466218999631,Success
/home/master/MasterThesis/OPM-MEG MPS/data/preprocessed_rest_epochs/002/rest/run01_epochs.npz,002,rest,run01,TT,"(1, 7, 7, 1)",7,7,19417860,14511,0.9992526982891009,1338.1476121562953,0.614253757,61.42537566,0.6226923224962218,62.26923224962218,5.5295577270007925,Success
/home/master/MasterThesis/OPM-MEG MPS/data/preprocessed_rest_epochs/002/rest/run01_epochs.npz,002,rest,run01,TT,"(1, 7, 10, 1)",7,10,19417860,19344,0.9990038037147245,1003.8182382133995,0.6080419267297394,60.80419267297395,0.6302850153387867,63.02850153387867,6.273992061998797,Success
/home/master/MasterThesis/OPM-MEG MPS/data/preprocessed_rest_epochs/002/rest/run01_epochs.npz,002,rest,run01,TT,"(1, 10, 7, 1)",10,7,19417860,16527,0.9991488763437372,1174.9174078780177,0.5434833663886282,54.34833663886282,0.7046258304588845,70.46258304588845,5.309098105000885,Success
/home/master/MasterThesis/OPM-MEG MPS/data/preprocessed_rest_epochs/002/rest/run01_epochs.npz,002,rest,run01,TT,"(1, 10, 10, 1)",10,10,19417860,21630,0.9988860770445352,897.7281553398059,0.5169436359389156,51.69436359389156,0.732769277,73.27692772622541,5.7863793350006745,Success
/home/master/MasterThesis/OPM-MEG MPS/data/preprocessed_rest_epochs/002/rest/run01_epochs.npz,002,rest,run01,TT,"(1, 10, 15, 1)",10,15,19417860,30135,0.9984480782125321,644.3623693379791,0.5135981974973717,51.35981974973717,0.736216892,73.62168915274509,5.399487832999512,Success
/home/master/MasterThesis/OPM-MEG MPS/data/preprocessed_rest_epochs/002/rest/run01_epochs.npz,002,rest,run01,TT,"(1, 15, 10, 1)",15,10,19417860,25440,0.9986898659275533,763.2806603773585,0.42855660627651737,42.85566062765174,0.8163392352167543,81.63392352167543,5.863410129,Success
/home/master/MasterThesis/OPM-MEG MPS/data/preprocessed_rest_epochs/002/rest/run01_epochs.npz,002,rest,run01,TT,"(1, 15, 15, 1)",15,15,19417860,34695,0.9982132428599239,559.6731517509728,0.4021214125225029,40.21214125225029,0.8382983695909072,83.82983695909073,6.019293463001304,Success
/home/master/MasterThesis/OPM-MEG MPS/data/preprocessed_rest_epochs/002/rest/run01_epochs.npz,002,rest,run01,TT,"(1, 15, 20, 1)",15,20,19417860,43950,0.9977366197922943,441.8170648464164,0.4017065958519518,40.17065958519518,0.8386318108490367,83.86318108490367,5.577416654999979,Success
/home/master/MasterThesis/OPM-MEG MPS/data/preprocessed_rest_epochs/002/rest/run01_epochs.npz,002,rest,run01,TT,"(1, 20, 15, 1)",20,15,19417860,39255,0.9979784075073155,494.6595338173481,0.33155983740050726,33.15598374005073,0.8900680742229493,89.00680742229493,6.2634285209987866,Success
/home/master/MasterThesis/OPM-MEG MPS/data/preprocessed_rest_epochs/002/rest/run01_epochs.npz,002,rest,run01,TT,"(1, 20, 20, 1)",20,20,19417860,49260,0.9974631602040596,394.19123020706456,0.33088652117025347,33.08865211702535,0.8905141101078475,89.05141101078475,5.721679693999249,Success
/home/master/MasterThesis/OPM-MEG MPS/data/preprocessed_rest_epochs/002/somatosensory/run01_epochs.npz,002,somatosensory,run01,TT,"(1, 3, 3, 1)",3,3,8448030,5076,0.9993991498609736,1664.3085106382978,0.5714741253191213,57.14741253191213,0.6734173240907453,67.34173240907452,2.467328307000571,Success
/home/master/MasterThesis/OPM-MEG MPS/data/preprocessed_rest_epochs/002/somatosensory/run01_epochs.npz,002,somatosensory,run01,TT,"(1, 3, 5, 1)",3,5,8448030,8058,0.9990461681599142,1048.4028294862248,0.5695266355219566,56.95266355219566,0.6756394114310407,67.56394114310407,2.6502534720002586,Success
/home/master/MasterThesis/OPM-MEG MPS/data/preprocessed_rest_epochs/002/somatosensory/run01_epochs.npz,002,somatosensory,run01,TT,"(1, 5, 3, 1)",5,3,8448030,5658,0.9993302580601632,1493.1124072110285,0.5314163083659775,53.141630836597756,0.7175967072026764,71.75967072026765,4.001698193998891,Success
/home/master/MasterThesis/OPM-MEG MPS/data/preprocessed_rest_epochs/002/somatosensory/run01_epochs.npz,002,somatosensory,run01,TT,"(1, 5, 5, 1)",5,5,8448030,8760,0.9989630718640914,964.3869863013699,0.5112219861575444,51.12219861575444,0.7386520808691357,73.86520808691357,2.0275190159991325,Success
/home/master/MasterThesis/OPM-MEG MPS/data/preprocessed_rest_epochs/002/somatosensory/run01_epochs.npz,002,somatosensory,run01,TT,"(1, 5, 7, 1)",5,7,8448030,11862,0.9985958856680196,712.1927162367223,0.5040951483542786,50.409514835427856,0.7458880814056781,74.58880814,1.958148648000133,Success
/home/master/MasterThesis/OPM-MEG MPS/data/preprocessed_rest_epochs/002/somatosensory/run01_epochs.npz,002,somatosensory,run01,TT,"(1, 7, 5, 1)",7,5,8448030,9462,0.9988799755682686,892.8376664552949,0.47600421187425007,47.600421187425006,0.7734199902779743,77.34199902779743,2.0703389730006165,Success
/home/master/MasterThesis/OPM-MEG MPS/data/preprocessed_rest_epochs/002/somatosensory/run01_epochs.npz,002,somatosensory,run01,TT,"(1, 7, 7, 1)",7,7,8448030,12684,0.9984985848771843,666.0383159886471,0.4576028671125396,45.76028671125396,0.7905996160103835,79.05996160103835,2.608131089999006,Success
/home/master/MasterThesis/OPM-MEG MPS/data/preprocessed_rest_epochs/002/somatosensory/run01_epochs.npz,002,somatosensory,run01,TT,"(1, 7, 10, 1)",7,10,8448030,17517,0.9979264988405581,482.27607467032027,0.44872875020003195,44.87287502000319,0.7986425087439175,79.86425087439176,2.129116726000575,Success
/home/master/MasterThesis/OPM-MEG MPS/data/preprocessed_rest_epochs/002/somatosensory/run01_epochs.npz,002,somatosensory,run01,TT,"(1, 10, 7, 1)",10,7,8448030,13917,0.9983526336909315,607.0295322,0.40146818301231313,40.14681830123131,0.8388232980287921,83.88232980287921,2.3115853569997853,Success
/home/master/MasterThesis/OPM-MEG MPS/data/preprocessed_rest_epochs/002/somatosensory/run01_epochs.npz,002,somatosensory,run01,TT,"(1, 10, 10, 1)",10,10,8448030,19020,0.9977485875405272,444.1656151419558,0.3826208284407869,38.26208284407869,0.8536013016432861,85.36013016432861,2.296592878,Success
/home/master/MasterThesis/OPM-MEG MPS/data/preprocessed_rest_epochs/002/somatosensory/run01_epochs.npz,002,somatosensory,run01,TT,"(1, 10, 15, 1)",10,15,8448030,27525,0.996741844,306.92207084468663,0.38009195087624664,38.00919508762466,0.8555301088790891,85.55301088790891,2.0872226640003646,Success
/home/master/MasterThesis/OPM-MEG MPS/data/preprocessed_rest_epochs/002/somatosensory/run01_epochs.npz,002,somatosensory,run01,TT,"(1, 15, 10, 1)",15,10,8448030,21525,0.9974520687071424,392.4752613240418,0.31198667704096267,31.198667704096266,0.9026643133489382,90.26643133489381,2.114146743000674,Success
/home/master/MasterThesis/OPM-MEG MPS/data/preprocessed_rest_epochs/002/somatosensory/run01_epochs.npz,002,somatosensory,run01,TT,"(1, 15, 15, 1)",15,15,8448030,30780,0.9963565470293074,274.46491228070175,0.3018178198222006,30.18178198222006,0.9089060036377737,90.89060036377738,2.306885986999987,Success
/home/master/MasterThesis/OPM-MEG MPS/data/preprocessed_rest_epochs/002/somatosensory/run01_epochs.npz,002,somatosensory,run01,TT,"(1, 15, 20, 1)",15,20,8448030,40035,0.9952610253514724,211.01611090295992,0.30103919061065093,30.103919061065092,0.9093754057164842,90.93754057164843,2.2435511290004797,Success
/home/master/MasterThesis/OPM-MEG MPS/data/preprocessed_rest_epochs/002/somatosensory/run01_epochs.npz,002,somatosensory,run01,TT,"(1, 20, 15, 1)",20,15,8448030,34035,0.9959712501020949,248.21595416483032,0.2601894085515221,26.018940855152213,0.9323014716776091,93.23014716776092,6.781226959999913,Success
/home/master/MasterThesis/OPM-MEG MPS/data/preprocessed_rest_epochs/002/somatosensory/run01_epochs.npz,002,somatosensory,run01,TT,"(1, 20, 20, 1)",20,20,8448030,44040,0.9947869503304321,191.82629427792915,0.25898217178029215,25.898217178029213,0.9329282346999633,93.29282346999634,4.468770663999749,Success
/home/master/MasterThesis/OPM-MEG MPS/data/preprocessed_rest_epochs/002/somatosensory/run02_epochs.npz,002,somatosensory,run02,TT,"(1, 3, 3, 1)",3,3,8574120,5085,0.9994069362220263,1686.1592920353983,0.5112107478526738,51.12107478526738,0.738663571,73.86635713,2.1591966830001184,Success
/home/master/MasterThesis/OPM-MEG MPS/data/preprocessed_rest_epochs/002/somatosensory/run02_epochs.npz,002,somatosensory,run02,TT,"(1, 3, 5, 1)",3,5,8574120,8067,0.9990591454283355,1062.8635180364447,0.5059167929224053,50.591679292240535,0.7440481986391081,74.40481986,2.2765768120007124,Success
/home/master/MasterThesis/OPM-MEG MPS/data/preprocessed_rest_epochs/002/somatosensory/run02_epochs.npz,002,somatosensory,run02,TT,"(1, 5, 3, 1)",5,3,8574120,5673,0.9993383577556647,1511.390798519302,0.4737549450438178,47.375494504381784,0.7755562520465293,77.55562520465293,2.122381770001084,Success
/home/master/MasterThesis/OPM-MEG MPS/data/preprocessed_rest_epochs/002/somatosensory/run02_epochs.npz,002,somatosensory,run02,TT,"(1, 5, 5, 1)",5,5,8574120,8775,0.998976571,977.1076923076923,0.44988699308635083,44.988699308635084,0.7976016934517218,79.76016934517219,2.433156962000794,Success
/home/master/MasterThesis/OPM-MEG MPS/data/preprocessed_rest_epochs/002/somatosensory/run02_epochs.npz,002,somatosensory,run02,TT,"(1, 5, 7, 1)",5,7,8574120,11877,0.9986147849575233,721.9095731245264,0.4432151318537557,44.32151318537557,0.8035603468958581,80.35603468958581,2.2183939200003806,Success
/home/master/MasterThesis/OPM-MEG MPS/data/preprocessed_rest_epochs/002/somatosensory/run02_epochs.npz,002,somatosensory,run02,TT,"(1, 7, 5, 1)",7,5,8574120,9483,0.9988939972848525,904.1569123695033,0.41335145078958124,41.33514507895812,0.8291405781301484,82.91405781301484,2.306638756999746,Success
/home/master/MasterThesis/OPM-MEG MPS/data/preprocessed_rest_epochs/002/somatosensory/run02_epochs.npz,002,somatosensory,run02,TT,"(1, 7, 7, 1)",7,7,8574120,12705,0.998518215,674.8618654073199,0.3971203441479149,39.71203441479149,0.8422954322638417,84.22954322638418,5.288907209000172,Success
/home/master/MasterThesis/OPM-MEG MPS/data/preprocessed_rest_epochs/002/somatosensory/run02_epochs.npz,002,somatosensory,run02,TT,"(1, 7, 10, 1)",7,10,8574120,17538,0.997954542,488.88812863496406,0.3902894465043139,39.02894465043139,0.8476741479473563,84.76741479473563,2.6251555380003992,Success
/home/master/MasterThesis/OPM-MEG MPS/data/preprocessed_rest_epochs/002/somatosensory/run02_epochs.npz,002,somatosensory,run02,TT,"(1, 10, 7, 1)",10,7,8574120,13947,0.9983733607647198,614.7644654764465,0.35707693637641724,35.707693637641725,0.8724960615080322,87.24960615080322,2.778054300999429,Success
/home/master/MasterThesis/OPM-MEG MPS/data/preprocessed_rest_epochs/002/somatosensory/run02_epochs.npz,002,somatosensory,run02,TT,"(1, 10, 10, 1)",10,10,8574120,19050,0.9977781976459392,450.08503937007873,0.3351744807951241,33.517448079512405,0.887658067,88.76580674,2.2025707430002512,Success
/home/master/MasterThesis/OPM-MEG MPS/data/preprocessed_rest_epochs/002/somatosensory/run02_epochs.npz,002,somatosensory,run02,TT,"(1, 10, 15, 1)",10,15,8574120,27555,0.996786259,311.1638541099619,0.3329150550843607,33.29150550843607,0.8891675660981772,88.91675660981771,2.5115700180012936,Success
/home/master/MasterThesis/OPM-MEG MPS/data/preprocessed_rest_epochs/002/somatosensory/run02_epochs.npz,002,somatosensory,run02,TT,"(1, 15, 10, 1)",15,10,8574120,21570,0.99748429,397.5020862308762,0.27791044970338286,27.791044970338284,0.9227657819456636,92.27657819456635,2.474527203999969,Success
/home/master/MasterThesis/OPM-MEG MPS/data/preprocessed_rest_epochs/002/somatosensory/run02_epochs.npz,002,somatosensory,run02,TT,"(1, 15, 15, 1)",15,15,8574120,30825,0.9964048788680354,278.15474452554747,0.26678864892027376,26.678864892027377,0.9288238168072949,92.88238168072948,2.565022365000914,Success
/home/master/MasterThesis/OPM-MEG MPS/data/preprocessed_rest_epochs/002/somatosensory/run02_epochs.npz,002,somatosensory,run02,TT,"(1, 15, 20, 1)",15,20,8574120,40080,0.9953254678031098,213.9251497005988,0.2660785127048083,26.607851270480833,0.9292022250767972,92.92022250767971,2.290931071000159,Success
/home/master/MasterThesis/OPM-MEG MPS/data/preprocessed_rest_epochs/002/somatosensory/run02_epochs.npz,002,somatosensory,run02,TT,"(1, 20, 15, 1)",20,15,8574120,34095,0.9960234986214329,251.47734271887373,0.2289511083423102,22.89511083423102,0.9475813899888278,94.75813899888279,2.6423567729998467,Success
/home/master/MasterThesis/OPM-MEG MPS/data/preprocessed_rest_epochs/002/somatosensory/run02_epochs.npz,002,somatosensory,run02,TT,"(1, 20, 20, 1)",20,20,8574120,44100,0.9948566150228828,194.42448979591836,0.22773822103018163,22.773822103018162,0.9481353026820081,94.81353026820081,2.4068747029996302,Success
/home/master/MasterThesis/OPM-MEG MPS/data/preprocessed_rest_epochs/005/auditory/run01_epochs.npz,005,auditory,run01,TT,"(1, 3, 3, 1)",3,3,8406000,5073,0.9993965024982155,1657.0076877587226,0.45243137227692143,45.243137227692145,0.7953058533796218,79.53058533796218,1.9296421159997408,Success
/home/master/MasterThesis/OPM-MEG MPS/data/preprocessed_rest_epochs/005/auditory/run01_epochs.npz,005,auditory,run01,TT,"(1, 3, 5, 1)",3,5,8406000,8055,0.999041756,1043.5754189944134,0.4508152067768539,45.08152067768539,0.7967656493387423,79.67656493387423,2.0276176639999903,Success
/home/master/MasterThesis/OPM-MEG MPS/data/preprocessed_rest_epochs/005/auditory/run01_epochs.npz,005,auditory,run01,TT,"(1, 5, 3, 1)",5,3,8406000,5653,0.9993275041636926,1486.9980541305501,0.41212413309463347,41.212413309463344,0.8301536989209968,83.01536989209967,2.414639589998842,Success
/home/master/MasterThesis/OPM-MEG MPS/data/preprocessed_rest_epochs/005/auditory/run01_epochs.npz,005,auditory,run01,TT,"(1, 5, 5, 1)",5,5,8406000,8755,0.9989584820366405,960.1370645345517,0.3854117549990403,38.54117549990403,0.8514577791085597,85.14577791085597,2.1364009919998352,Success
/home/master/MasterThesis/OPM-MEG MPS/data/preprocessed_rest_epochs/005/auditory/run01_epochs.npz,005,auditory,run01,TT,"(1, 5, 7, 1)",5,7,8406000,11857,0.9985894599095884,708.9483005819347,0.3845030293190795,38.45030293190795,0.85215742,85.21574204,2.8334755609994318,Success
/home/master/MasterThesis/OPM-MEG MPS/data/preprocessed_rest_epochs/005/auditory/run01_epochs.npz,005,auditory,run01,TT,"(1, 7, 5, 1)",7,5,8406000,9455,0.998875208,889.0534109,0.3407027054947107,34.07027054947107,0.8839216664685843,88.39216664685843,2.0178859930001636,Success
/home/master/MasterThesis/OPM-MEG MPS/data/preprocessed_rest_epochs/005/auditory/run01_epochs.npz,005,auditory,run01,TT,"(1, 7, 7, 1)",7,7,8406000,12677,0.9984919105400905,663.0906366,0.3358540166974787,33.585401669747874,0.8872020794681696,88.72020794681697,2.1127713559999393,Success
/home/master/MasterThesis/OPM-MEG MPS/data/preprocessed_rest_epochs/005/auditory/run01_epochs.npz,005,auditory,run01,TT,"(1, 7, 10, 1)",7,10,8406000,17510,0.997916964,480.0685322672758,0.33489545232015616,33.489545232015615,0.887845036,88.7845036,2.3651148320004722,Success
/home/master/MasterThesis/OPM-MEG MPS/data/preprocessed_rest_epochs/005/auditory/run01_epochs.npz,005,auditory,run01,TT,"(1, 10, 7, 1)",10,7,8406000,13907,0.9983455864858435,604.4438052779176,0.2825890741604126,28.25890741604126,0.9201434151651608,92.01434151651608,3.047738303999722,Success
/home/master/MasterThesis/OPM-MEG MPS/data/preprocessed_rest_epochs/005/auditory/run01_epochs.npz,005,auditory,run01,TT,"(1, 10, 10, 1)",10,10,8406000,19010,0.9977385201046871,442.18832193582324,0.2778100367603994,27.78100367603994,0.9228215834751855,92.28215834751855,2.126935845000844,Success
/home/master/MasterThesis/OPM-MEG MPS/data/preprocessed_rest_epochs/005/auditory/run01_epochs.npz,005,auditory,run01,TT,"(1, 10, 15, 1)",10,15,8406000,27515,0.996726743,305.50608758858806,0.2772475743607368,27.724757436073684,0.9231337825110877,92.31337825110877,1.9551341449987376,Success
/home/master/MasterThesis/OPM-MEG MPS/data/preprocessed_rest_epochs/005/auditory/run01_epochs.npz,005,auditory,run01,TT,"(1, 15, 10, 1)",15,10,8406000,21510,0.997441113,390.7949790794979,0.2166290945524272,21.662909455242723,0.9530718353933956,95.30718353933956,2.0517360729991196,Success
/home/master/MasterThesis/OPM-MEG MPS/data/preprocessed_rest_epochs/005/auditory/run01_epochs.npz,005,auditory,run01,TT,"(1, 15, 15, 1)",15,15,8406000,30765,0.9963401142041399,273.2325694783033,0.2151960095392393,21.51960095392393,0.9536906774783876,95.36906774783877,2.2144268869997177,Success
/home/master/MasterThesis/OPM-MEG MPS/data/preprocessed_rest_epochs/005/auditory/run01_epochs.npz,005,auditory,run01,TT,"(1, 15, 20, 1)",15,20,8406000,40020,0.9952391149179157,210.04497751124438,0.21488942843984277,21.488942843984276,0.9538225335447977,95.38225335447977,2.633452424001007,Success
/home/master/MasterThesis/OPM-MEG MPS/data/preprocessed_rest_epochs/005/auditory/run01_epochs.npz,005,auditory,run01,TT,"(1, 20, 15, 1)",20,15,8406000,34015,0.9959534856055199,247.12626782301925,0.1750523316510397,17.50523316510397,0.9693566811835344,96.93566811835343,6.189955727999404,Success
/home/master/MasterThesis/OPM-MEG MPS/data/preprocessed_rest_epochs/005/auditory/run01_epochs.npz,005,auditory,run01,TT,"(1, 20, 20, 1)",20,20,8406000,44020,0.9947632643349988,190.95865515674694,0.1745137325513239,17.451373255132392,0.969544957,96.95449571510049,6.639930875000573,Success
/home/master/MasterThesis/OPM-MEG MPS/data/preprocessed_rest_epochs/005/auditory/run02_epochs.npz,005,auditory,run02,TT,"(1, 3, 3, 1)",3,3,8406000,5073,0.9993965024982155,1657.0076877587226,0.42143365124806736,42.143365124806735,0.8223936775957223,82.23936775957223,3.719415341000058,Success
/home/master/MasterThesis/OPM-MEG MPS/data/preprocessed_rest_epochs/005/auditory/run02_epochs.npz,005,auditory,run02,TT,"(1, 3, 5, 1)",3,5,8406000,8055,0.999041756,1043.5754189944134,0.41986421049057115,41.986421049057114,0.8237140447491293,82.37140447491294,3.7616673550000996,Success
/home/master/MasterThesis/OPM-MEG MPS/data/preprocessed_rest_epochs/005/auditory/run02_epochs.npz,005,auditory,run02,TT,"(1, 5, 3, 1)",5,3,8406000,5653,0.9993275041636926,1486.9980541305501,0.35036464475284884,35.03646447528489,0.877244616,87.72446157,2.090733620998435,Success
/home/master/MasterThesis/OPM-MEG MPS/data/preprocessed_rest_epochs/005/auditory/run02_epochs.npz,005,auditory,run02,TT,"(1, 5, 5, 1)",5,5,8406000,8755,0.9989584820366405,960.1370645345517,0.3411140048737983,34.111400487379825,0.8836412356789582,88.36412356789583,1.9968779940008972,Success
/home/master/MasterThesis/OPM-MEG MPS/data/preprocessed_rest_epochs/005/auditory/run02_epochs.npz,005,auditory,run02,TT,"(1, 5, 7, 1)",5,7,8406000,11857,0.9985894599095884,708.9483005819347,0.3402623047855668,34.02623047855668,0.884221564,88.42215639,2.132271896,Success
/home/master/MasterThesis/OPM-MEG MPS/data/preprocessed_rest_epochs/005/auditory/run02_epochs.npz,005,auditory,run02,TT,"(1, 7, 5, 1)",7,5,8406000,9455,0.998875208,889.0534109,0.28304899611223394,28.304899611223394,0.9198832657998566,91.98832657998565,2.399805822000417,Success
/home/master/MasterThesis/OPM-MEG MPS/data/preprocessed_rest_epochs/005/auditory/run02_epochs.npz,005,auditory,run02,TT,"(1, 7, 7, 1)",7,7,8406000,12677,0.9984919105400905,663.0906366,0.28173158739934306,28.173158739934305,0.9206273126614463,92.06273126614462,2.3505740790005802,Success
/home/master/MasterThesis/OPM-MEG MPS/data/preprocessed_rest_epochs/005/auditory/run02_epochs.npz,005,auditory,run02,TT,"(1, 7, 10, 1)",7,10,8406000,17510,0.997916964,480.0685322672758,0.28089795467699546,28.089795467699545,0.9210963390582806,92.10963390582806,2.2741022079990216,Success
/home/master/MasterThesis/OPM-MEG MPS/data/preprocessed_rest_epochs/005/auditory/run02_epochs.npz,005,auditory,run02,TT,"(1, 10, 7, 1)",10,7,8406000,13907,0.9983455864858435,604.4438052779176,0.22998464617092332,22.99846461709233,0.9471070625256353,94.71070625256353,2.0182397379994654,Success
/home/master/MasterThesis/OPM-MEG MPS/data/preprocessed_rest_epochs/005/auditory/run02_epochs.npz,005,auditory,run02,TT,"(1, 10, 10, 1)",10,10,8406000,19010,0.9977385201046871,442.18832193582324,0.22813141608865473,22.81314160886547,0.947956057,94.79560569933851,2.036311536,Success
/home/master/MasterThesis/OPM-MEG MPS/data/preprocessed_rest_epochs/005/auditory/run02_epochs.npz,005,auditory,run02,TT,"(1, 10, 15, 1)",10,15,8406000,27515,0.996726743,305.50608758858806,0.2277225302070751,22.77225302070751,0.9481424492360877,94.81424492360877,2.6386403100004827,Success
/home/master/MasterThesis/OPM-MEG MPS/data/preprocessed_rest_epochs/005/auditory/run02_epochs.npz,005,auditory,run02,TT,"(1, 15, 10, 1)",15,10,8406000,21510,0.997441113,390.7949790794979,0.1693327451968451,16.93327451968451,0.9713264214041003,97.13264214041003,2.201169759999175,Success
/home/master/MasterThesis/OPM-MEG MPS/data/preprocessed_rest_epochs/005/auditory/run02_epochs.npz,005,auditory,run02,TT,"(1, 15, 15, 1)",15,15,8406000,30765,0.9963401142041399,273.2325694783033,0.16835726332087705,16.835726332087706,0.9716558318871049,97.16558318871049,2.352273898999556,Success
/home/master/MasterThesis/OPM-MEG MPS/data/preprocessed_rest_epochs/005/auditory/run02_epochs.npz,005,auditory,run02,TT,"(1, 15, 20, 1)",15,20,8406000,40020,0.9952391149179157,210.04497751124438,0.16803400286027698,16.80340029,0.9717645738827524,97.17645738827524,2.2921901200006687,Success
/home/master/MasterThesis/OPM-MEG MPS/data/preprocessed_rest_epochs/005/auditory/run02_epochs.npz,005,auditory,run02,TT,"(1, 20, 15, 1)",20,15,8406000,34015,0.9959534856055199,247.12626782301925,0.13272189947599813,13.272189947599813,0.9823848973994831,98.23848974,2.537279367999872,Success
/home/master/MasterThesis/OPM-MEG MPS/data/preprocessed_rest_epochs/005/auditory/run02_epochs.npz,005,auditory,run02,TT,"(1, 20, 20, 1)",20,20,8406000,44020,0.9947632643349988,190.95865515674694,0.13216180075747958,13.216180075747957,0.9825332584205403,98.25332584205402,2.2159035979984765,Success
/home/master/MasterThesis/OPM-MEG MPS/data/preprocessed_rest_epochs/005/motor/run01_epochs.npz,005,motor,run01,TT,"(1, 3, 3, 1)",3,3,3278340,4707,0.9985642123757755,696.4818355640535,0.4675663257688606,46.75663257688606,0.7813817310070077,78.13817310070077,0.5354379069995048,Success
/home/master/MasterThesis/OPM-MEG MPS/data/preprocessed_rest_epochs/005/motor/run01_epochs.npz,005,motor,run01,TT,"(1, 3, 5, 1)",3,5,3278340,7689,0.9976546056845843,426.36753804135776,0.45448234489151074,45.448234489151076,0.7934457981819139,79.34457981819139,1.259405857999809,Success
/home/master/MasterThesis/OPM-MEG MPS/data/preprocessed_rest_epochs/005/motor/run01_epochs.npz,005,motor,run01,TT,"(1, 5, 3, 1)",5,3,3278340,5043,0.9984617214809934,650.0773349196907,0.41897316084432185,41.897316084432184,0.8244614904921179,82.44614905,0.6943886150002072,Success
/home/master/MasterThesis/OPM-MEG MPS/data/preprocessed_rest_epochs/005/motor/run01_epochs.npz,005,motor,run01,TT,"(1, 5, 5, 1)",5,5,3278340,8145,0.9975155108988085,402.49723756906076,0.3832002109487509,38.32002109487509,0.8531575983288326,85.31575983288326,0.7349762459998601,Success
/home/master/MasterThesis/OPM-MEG MPS/data/preprocessed_rest_epochs/005/motor/run01_epochs.npz,005,motor,run01,TT,"(1, 5, 7, 1)",5,7,3278340,11247,0.9965693003166236,291.4857295278741,0.374188367,37.418836689615794,0.8599830660795862,85.99830660795863,0.6578318920001038,Success
/home/master/MasterThesis/OPM-MEG MPS/data/preprocessed_rest_epochs/005/motor/run01_epochs.npz,005,motor,run01,TT,"(1, 7, 5, 1)",7,5,3278340,8601,0.9973764161130328,381.1580048831531,0.33742218729252993,33.74221872925299,0.8861462675227249,88.61462675227249,0.6916677239987621,Success
/home/master/MasterThesis/OPM-MEG MPS/data/preprocessed_rest_epochs/005/motor/run01_epochs.npz,005,motor,run01,TT,"(1, 7, 7, 1)",7,7,3278340,11823,0.9963936016398544,277.2849530575996,0.3214382435840065,32.14382435840065,0.8966774555616288,89.66774555616288,0.8305024829987815,Success
/home/master/MasterThesis/OPM-MEG MPS/data/preprocessed_rest_epochs/005/motor/run01_epochs.npz,005,motor,run01,TT,"(1, 7, 10, 1)",7,10,3278340,16656,0.9949193799300866,196.8263688760807,0.3160666904843904,31.60666904843904,0.9001018471662445,90.01018471662445,0.7089476680012012,Success
/home/master/MasterThesis/OPM-MEG MPS/data/preprocessed_rest_epochs/005/motor/run01_epochs.npz,005,motor,run01,TT,"(1, 10, 7, 1)",10,7,3278340,12687,0.9961300536247003,258.4015133601324,0.2642554320697954,26.42554320697954,0.9301690666216057,93.01690666216057,0.8093226620003406,Success
/home/master/MasterThesis/OPM-MEG MPS/data/preprocessed_rest_epochs/005/motor/run01_epochs.npz,005,motor,run01,TT,"(1, 10, 10, 1)",10,10,3278340,17790,0.994573473,184.27993254637437,0.24830422841919123,24.830422841919123,0.9383450101491501,93.83450101,0.7701832499988086,Success
/home/master/MasterThesis/OPM-MEG MPS/data/preprocessed_rest_epochs/005/motor/run01_epochs.npz,005,motor,run01,TT,"(1, 10, 15, 1)",10,15,3278340,26295,0.9919791723860246,124.67541357672562,0.24550219828020714,24.550219828020715,0.9397286706395859,93.97286706395859,1.1774289349996252,Success
/home/master/MasterThesis/OPM-MEG MPS/data/preprocessed_rest_epochs/005/motor/run01_epochs.npz,005,motor,run01,TT,"(1, 15, 10, 1)",15,10,3278340,19680,0.9939969618770476,166.58231707317074,0.18951604111437648,18.951604111437646,0.9640836701603339,96.40836702,0.9309098909998283,Success
/home/master/MasterThesis/OPM-MEG MPS/data/preprocessed_rest_epochs/005/motor/run01_epochs.npz,005,motor,run01,TT,"(1, 15, 15, 1)",15,15,3278340,28935,0.9911738867841652,113.30015552099533,0.18320154302016553,18.320154302016554,0.9664371946350304,96.64371946350305,0.723748988,Success
/home/master/MasterThesis/OPM-MEG MPS/data/preprocessed_rest_epochs/005/motor/run01_epochs.npz,005,motor,run01,TT,"(1, 15, 20, 1)",15,20,3278340,38190,0.9883508116912828,85.84289080911233,0.1824396595379652,18.243965953796522,0.9667157706276713,96.67157706276713,0.8435122779992525,Success
/home/master/MasterThesis/OPM-MEG MPS/data/preprocessed_rest_epochs/005/motor/run01_epochs.npz,005,motor,run01,TT,"(1, 20, 15, 1)",20,15,3278340,31575,0.9903686011823056,103.8270783847981,0.14273701154579083,14.273701154579083,0.9796261455349767,97.96261455349767,0.8789569010004925,Success
/home/master/MasterThesis/OPM-MEG MPS/data/preprocessed_rest_epochs/005/motor/run01_epochs.npz,005,motor,run01,TT,"(1, 20, 20, 1)",20,20,3278340,41580,0.9873167517707132,78.84415584415585,0.14141291562442082,14.141291562442081,0.9800023872946004,98.00023872946004,0.9784800100005668,Success
/home/master/MasterThesis/OPM-MEG MPS/data/preprocessed_rest_epochs/005/motor/run02_epochs.npz,005,motor,run02,TT,"(1, 3, 3, 1)",3,3,3866760,4749,0.9987718399900692,814.2261528742894,0.5519375202810437,55.19375202810437,0.6953649737060124,69.53649737060124,0.7039883629986434,Success
/home/master/MasterThesis/OPM-MEG MPS/data/preprocessed_rest_epochs/005/motor/run02_epochs.npz,005,motor,run02,TT,"(1, 3, 5, 1)",3,5,3866760,7731,0.998000652,500.1629802,0.5250869167523788,52.508691675237884,0.7242837298554803,72.42837298554802,0.7747178939989681,Success
/home/master/MasterThesis/OPM-MEG MPS/data/preprocessed_rest_epochs/005/motor/run02_epochs.npz,005,motor,run02,TT,"(1, 5, 3, 1)",5,3,3866760,5113,0.9986777043312748,756.2605124193233,0.4834563345014207,48.345633450142074,0.7662699726304503,76.62699726304503,1.042046518999996,Success
/home/master/MasterThesis/OPM-MEG MPS/data/preprocessed_rest_epochs/005/motor/run02_epochs.npz,005,motor,run02,TT,"(1, 5, 5, 1)",5,5,3866760,8215,0.9978754823159441,470.6950699939136,0.4190447886047992,41.90447886047992,0.8244014651431593,82.44014651431593,0.9741247550009575,Success
/home/master/MasterThesis/OPM-MEG MPS/data/preprocessed_rest_epochs/005/motor/run02_epochs.npz,005,motor,run02,TT,"(1, 5, 7, 1)",5,7,3866760,11317,0.9970732603006134,341.67712291243265,0.40465100807102033,40.46510080710203,0.8362575616671071,83.62575617,1.3765329779998865,Success
/home/master/MasterThesis/OPM-MEG MPS/data/preprocessed_rest_epochs/005/motor/run02_epochs.npz,005,motor,run02,TT,"(1, 7, 5, 1)",7,5,3866760,8699,0.9977503129234812,444.50626508794113,0.3564008655912128,35.64008655912128,0.8729784230058343,87.29784230058343,0.8921117169993522,Success
/home/master/MasterThesis/OPM-MEG MPS/data/preprocessed_rest_epochs/005/motor/run02_epochs.npz,005,motor,run02,TT,"(1, 7, 7, 1)",7,7,3866760,11921,0.996917057,324.3654055867796,0.3337178163413784,33.37178163413784,0.888632419,88.86324190563421,0.9297024330007844,Success
/home/master/MasterThesis/OPM-MEG MPS/data/preprocessed_rest_epochs/005/motor/run02_epochs.npz,005,motor,run02,TT,"(1, 7, 10, 1)",7,10,3866760,16754,0.9956671735509832,230.79622776650353,0.32876641945630186,32.87664194563018,0.891912641,89.19126414,1.0033156629997393,Success
/home/master/MasterThesis/OPM-MEG MPS/data/preprocessed_rest_epochs/005/motor/run02_epochs.npz,005,motor,run02,TT,"(1, 10, 7, 1)",10,7,3866760,12827,0.9966827524852848,301.4547438995868,0.2726017699447602,27.26017699447602,0.925688275,92.5688275,0.8366023599992332,Success
/home/master/MasterThesis/OPM-MEG MPS/data/preprocessed_rest_epochs/005/motor/run02_epochs.npz,005,motor,run02,TT,"(1, 10, 10, 1)",10,10,3866760,17930,0.995363043,215.65867261572782,0.26360019378712674,26.360019378712675,0.9305149378353892,93.05149378353892,0.9743182389993308,Success
/home/master/MasterThesis/OPM-MEG MPS/data/preprocessed_rest_epochs/005/motor/run02_epochs.npz,005,motor,run02,TT,"(1, 10, 15, 1)",10,15,3866760,26435,0.9931635270872772,146.27425761301305,0.2616275403712622,26.162754037126216,0.9315510301192835,93.15510301192835,0.923993768,Success
/home/master/MasterThesis/OPM-MEG MPS/data/preprocessed_rest_epochs/005/motor/run02_epochs.npz,005,motor,run02,TT,"(1, 15, 10, 1)",15,10,3866760,19890,0.9948561586444465,194.40723981900453,0.19870784911762998,19.87078491,0.9605151906990451,96.05151906990451,0.9855450830000336,Success
/home/master/MasterThesis/OPM-MEG MPS/data/preprocessed_rest_epochs/005/motor/run02_epochs.npz,005,motor,run02,TT,"(1, 15, 15, 1)",15,15,3866760,29145,0.9924626819352637,132.6731857951621,0.19409278252885684,19.409278252885684,0.9623279917702059,96.23279918,1.0352079549993505,Success
/home/master/MasterThesis/OPM-MEG MPS/data/preprocessed_rest_epochs/005/motor/run02_epochs.npz,005,motor,run02,TT,"(1, 15, 20, 1)",15,20,3866760,38400,0.9900692052260808,100.696875,0.19339501856830493,19.339501856830495,0.962598367,96.25983668,1.1335387369999808,Success
/home/master/MasterThesis/OPM-MEG MPS/data/preprocessed_rest_epochs/005/motor/run02_epochs.npz,005,motor,run02,TT,"(1, 20, 15, 1)",20,15,3866760,31855,0.991761837,121.38628158844766,0.14982578449581985,14.982578449581984,0.9775522343002122,97.75522343002122,1.0567448799993144,Success
/home/master/MasterThesis/OPM-MEG MPS/data/preprocessed_rest_epochs/005/motor/run02_epochs.npz,005,motor,run02,TT,"(1, 20, 20, 1)",20,20,3866760,41860,0.989174399,92.37362637362638,0.14867157504879425,14.867157504879424,0.9778967627725107,97.78967627725108,1.0936054329995386,Success
/home/master/MasterThesis/OPM-MEG MPS/data/preprocessed_rest_epochs/005/motor/run03_epochs.npz,005,motor,run03,TT,"(1, 3, 3, 1)",3,3,3194280,4701,0.9985283068484917,679.4894703254627,0.529843043,52.98430427,0.7192663501032357,71.92663501032357,0.523360932,Success
/home/master/MasterThesis/OPM-MEG MPS/data/preprocessed_rest_epochs/005/motor/run03_epochs.npz,005,motor,run03,TT,"(1, 3, 5, 1)",3,5,3194280,7683,0.9975947631391111,415.7594689574385,0.5152087208660613,51.520872086606126,0.7345599739435571,73.45599739,0.5900251589991967,Success
/home/master/MasterThesis/OPM-MEG MPS/data/preprocessed_rest_epochs/005/motor/run03_epochs.npz,005,motor,run03,TT,"(1, 5, 3, 1)",5,3,3194280,5033,0.9984243710632756,634.6671965030797,0.43710205470893837,43.71020547089384,0.8089417937692241,80.89417937692241,0.6111117499985994,Success
/home/master/MasterThesis/OPM-MEG MPS/data/preprocessed_rest_epochs/005/motor/run03_epochs.npz,005,motor,run03,TT,"(1, 5, 5, 1)",5,5,3194280,8135,0.9974532602026122,392.65888137676706,0.4050197164788001,40.50197164788001,0.8359590292634325,83.59590292634324,0.6091449280011147,Success
/home/master/MasterThesis/OPM-MEG MPS/data/preprocessed_rest_epochs/005/motor/run03_epochs.npz,005,motor,run03,TT,"(1, 5, 7, 1)",5,7,3194280,11237,0.9964821493419488,284.2644834030435,0.3987486418767411,39.874864187674106,0.8409995206014544,84.09995206014544,0.6063222630000382,Success
/home/master/MasterThesis/OPM-MEG MPS/data/preprocessed_rest_epochs/005/motor/run03_epochs.npz,005,motor,run03,TT,"(1, 7, 5, 1)",7,5,3194280,8587,0.9973117572661132,371.9902177710493,0.3489629936755089,34.896299367550895,0.8782248290450266,87.82248290450266,0.7598126169996249,Success
/home/master/MasterThesis/OPM-MEG MPS/data/preprocessed_rest_epochs/005/motor/run03_epochs.npz,005,motor,run03,TT,"(1, 7, 7, 1)",7,7,3194280,11809,0.9963030792541668,270.4953848759421,0.3379306994488257,33.79306994488257,0.8858028423700275,88.58028423700274,0.6031364810005471,Success
/home/master/MasterThesis/OPM-MEG MPS/data/preprocessed_rest_epochs/005/motor/run03_epochs.npz,005,motor,run03,TT,"(1, 7, 10, 1)",7,10,3194280,16642,0.9947900622362473,191.9408724912871,0.33257731728400397,33.257731728400394,0.8893923280281749,88.93923280281749,0.6406504410006164,Success
/home/master/MasterThesis/OPM-MEG MPS/data/preprocessed_rest_epochs/005/motor/run03_epochs.npz,005,motor,run03,TT,"(1, 10, 7, 1)",10,7,3194280,12667,0.9960344741224939,252.17336385884582,0.27992248869224046,27.992248869224046,0.9216434003243426,92.16434003243425,0.7073585409998486,Success
/home/master/MasterThesis/OPM-MEG MPS/data/preprocessed_rest_epochs/005/motor/run03_epochs.npz,005,motor,run03,TT,"(1, 10, 10, 1)",10,10,3194280,17770,0.9944369310141878,179.75689364096792,0.27111545629958633,27.111545629958634,0.9264964093554671,92.64964094,0.6649651600000652,Success
/home/master/MasterThesis/OPM-MEG MPS/data/preprocessed_rest_epochs/005/motor/run03_epochs.npz,005,motor,run03,TT,"(1, 10, 15, 1)",10,15,3194280,26275,0.9917743591670111,121.57107516650808,0.26888173566416623,26.888173566416622,0.9277026122262254,92.77026122262254,1.1049705779987562,Success
/home/master/MasterThesis/OPM-MEG MPS/data/preprocessed_rest_epochs/005/motor/run03_epochs.npz,005,motor,run03,TT,"(1, 15, 10, 1)",15,10,3194280,19650,0.9938483789774222,162.5587786259542,0.19927164765126903,19.927164765126903,0.9602908104423484,96.02908104423484,0.9145357639990834,Success
/home/master/MasterThesis/OPM-MEG MPS/data/preprocessed_rest_epochs/005/motor/run03_epochs.npz,005,motor,run03,TT,"(1, 15, 15, 1)",15,15,3194280,28905,0.990951012,110.50960041515309,0.19430759037220757,19.430759037220756,0.9622445603237464,96.22445603237463,0.722240873,Success
/home/master/MasterThesis/OPM-MEG MPS/data/preprocessed_rest_epochs/005/motor/run03_epochs.npz,005,motor,run03,TT,"(1, 15, 20, 1)",15,20,3194280,38160,0.988053646,83.70754716981132,0.1934788690115585,19.34788690115585,0.9625659272460082,96.25659272460082,0.7063569380006811,Success
/home/master/MasterThesis/OPM-MEG MPS/data/preprocessed_rest_epochs/005/motor/run03_epochs.npz,005,motor,run03,TT,"(1, 20, 15, 1)",20,15,3194280,31535,0.9901276657024431,101.29316632313302,0.14814213146042338,14.814213146042338,0.9780539088863627,97.80539088863627,0.9785164320001059,Success
/home/master/MasterThesis/OPM-MEG MPS/data/preprocessed_rest_epochs/005/motor/run03_epochs.npz,005,motor,run03,TT,"(1, 20, 20, 1)",20,20,3194280,41540,0.9869955044642298,76.89648531535869,0.14661049497741396,14.661049497741397,0.9785053627624777,97.85053627624777,0.9301172710001993,Success
/home/master/MasterThesis/OPM-MEG MPS/data/preprocessed_rest_epochs/005/rest/run01_epochs.npz,005,rest,run01,TT,"(1, 3, 3, 1)",3,3,18409140,5787,0.9996856452827237,3181.1197511664072,0.6640618197786745,66.40618197786745,0.5590218995122358,55.902189951223576,5.228508989001057,Success
/home/master/MasterThesis/OPM-MEG MPS/data/preprocessed_rest_epochs/005/rest/run01_epochs.npz,005,rest,run01,TT,"(1, 3, 5, 1)",3,5,18409140,8769,0.9995236605294978,2099.3431406089635,0.6606119949660085,66.06119949660085,0.5635917921070307,56.35917921070307,6.042314434998843,Success
/home/master/MasterThesis/OPM-MEG MPS/data/preprocessed_rest_epochs/005/rest/run01_epochs.npz,005,rest,run01,TT,"(1, 5, 3, 1)",5,3,18409140,6843,0.9996282824727282,2690.2148180622535,0.5845603,58.456030045893804,0.6582892551273565,65.82892551273565,5.548176906000663,Success
/home/master/MasterThesis/OPM-MEG MPS/data/preprocessed_rest_epochs/005/rest/run01_epochs.npz,005,rest,run01,TT,"(1, 5, 5, 1)",5,5,18409140,9945,0.9994597792183665,1851.0950226244345,0.5497966387296862,54.97966387296862,0.6977236560415393,69.77236560415393,7.0250807180000265,Success
/home/master/MasterThesis/OPM-MEG MPS/data/preprocessed_rest_epochs/005/rest/run01_epochs.npz,005,rest,run01,TT,"(1, 5, 7, 1)",5,7,18409140,13047,0.9992912759640048,1410.986433662911,0.5440045890414847,54.40045890414847,0.7040590071018056,70.40590071018056,5.831996801000059,Success
/home/master/MasterThesis/OPM-MEG MPS/data/preprocessed_rest_epochs/005/rest/run01_epochs.npz,005,rest,run01,TT,"(1, 7, 5, 1)",7,5,18409140,11121,0.9993958979072353,1655.3493390882115,0.4629946276139606,46.29946276139606,0.785635975,78.56359748006099,5.9402150030000485,Success
/home/master/MasterThesis/OPM-MEG MPS/data/preprocessed_rest_epochs/005/rest/run01_epochs.npz,005,rest,run01,TT,"(1, 7, 7, 1)",7,7,18409140,14343,0.9992208761517377,1283.4929930976782,0.4523417259660896,45.234172596608964,0.7953869629500194,79.53869629500194,6.126458159000322,Success
/home/master/MasterThesis/OPM-MEG MPS/data/preprocessed_rest_epochs/005/rest/run01_epochs.npz,005,rest,run01,TT,"(1, 7, 10, 1)",7,10,18409140,19176,0.9989583435184913,960.0093867334168,0.45202836615814107,45.20283661581411,0.795670356,79.56703562,5.594659791000595,Success
/home/master/MasterThesis/OPM-MEG MPS/data/preprocessed_rest_epochs/005/rest/run01_epochs.npz,005,rest,run01,TT,"(1, 10, 7, 1)",10,7,18409140,16287,0.9991152764333369,1130.2965555350893,0.3594300490335323,35.943004903353234,0.8708100398517526,87.08100398517527,10.003564536998965,Success
/home/master/MasterThesis/OPM-MEG MPS/data/preprocessed_rest_epochs/005/rest/run01_epochs.npz,005,rest,run01,TT,"(1, 10, 10, 1)",10,10,18409140,21390,0.9988380771725349,860.6423562412342,0.35856468043858075,35.85646804385807,0.8714313699419786,87.14313699419786,8.525669939999716,Success
/home/master/MasterThesis/OPM-MEG MPS/data/preprocessed_rest_epochs/005/rest/run01_epochs.npz,005,rest,run01,TT,"(1, 10, 15, 1)",10,15,18409140,29895,0.9983760784045317,615.7932764676367,0.35823751317877295,35.823751317877296,0.8716658841514886,87.16658841514887,6.148039012001391,Success
/home/master/MasterThesis/OPM-MEG MPS/data/preprocessed_rest_epochs/005/rest/run01_epochs.npz,005,rest,run01,TT,"(1, 15, 10, 1)",15,10,18409140,25080,0.9986376332626076,734.0167464114833,0.27636690049465473,27.63669004946547,0.9236213363109778,92.36213363109778,5.640079505999893,Success
/home/master/MasterThesis/OPM-MEG MPS/data/preprocessed_rest_epochs/005/rest/run01_epochs.npz,005,rest,run01,TT,"(1, 15, 15, 1)",15,15,18409140,34335,0.9981348938625052,536.1625163826999,0.2754369264755363,27.54369264755363,0.9241344995337101,92.41344995337101,6.213299327000641,Success
/home/master/MasterThesis/OPM-MEG MPS/data/preprocessed_rest_epochs/005/rest/run01_epochs.npz,005,rest,run01,TT,"(1, 15, 20, 1)",15,20,18409140,43590,0.9976321544624029,422.3248451479697,0.2753295128594484,27.53295128594484,0.9241936593485789,92.41936593,5.841376879001473,Success
/home/master/MasterThesis/OPM-MEG MPS/data/preprocessed_rest_epochs/005/rest/run01_epochs.npz,005,rest,run01,TT,"(1, 20, 15, 1)",20,15,18409140,38775,0.9978937093204788,474.76827852998065,0.21924994043699547,21.92499404369955,0.9519294636183739,95.19294636,6.3164564830003656,Success
/home/master/MasterThesis/OPM-MEG MPS/data/preprocessed_rest_epochs/005/rest/run01_epochs.npz,005,rest,run01,TT,"(1, 20, 20, 1)",20,20,18409140,48780,0.9973502292882774,377.3911439114391,0.21904900781422235,21.904900781422235,0.9520175321756048,95.20175321756048,6.449502416000541,Success
/home/master/MasterThesis/OPM-MEG MPS/data/preprocessed_rest_epochs/005/somatosensory/run01_epochs.npz,005,somatosensory,run01,TT,"(1, 3, 3, 1)",3,3,8490060,5079,0.9994017710122189,1671.600708800945,0.4184825258061924,41.84825258061924,0.8248723755948695,82.48723755948694,1.983562470999459,Success
/home/master/MasterThesis/OPM-MEG MPS/data/preprocessed_rest_epochs/005/somatosensory/run01_epochs.npz,005,somatosensory,run01,TT,"(1, 3, 5, 1)",3,5,8490060,8061,0.9990505367453234,1053.2266468180126,0.41655572713633393,41.65557271363339,0.8264813261899202,82.64813261899202,2.8811476129994844,Success
/home/master/MasterThesis/OPM-MEG MPS/data/preprocessed_rest_epochs/005/somatosensory/run01_epochs.npz,005,somatosensory,run01,TT,"(1, 5, 3, 1)",5,3,8490060,5663,0.9993329846903319,1499.2159632703515,0.37370212453666557,37.370212453666554,0.8603467221167825,86.03467221167826,2.261160824999024,Success
/home/master/MasterThesis/OPM-MEG MPS/data/preprocessed_rest_epochs/005/somatosensory/run01_epochs.npz,005,somatosensory,run01,TT,"(1, 5, 5, 1)",5,5,8490060,8765,0.9989676162477061,968.6320593268682,0.3437499676708149,34.37499676708149,0.8818359597263136,88.18359597263135,2.1688789519994316,Success
/home/master/MasterThesis/OPM-MEG MPS/data/preprocessed_rest_epochs/005/somatosensory/run01_epochs.npz,005,somatosensory,run01,TT,"(1, 5, 7, 1)",5,7,8490060,11867,0.9986022478050803,715.4343979,0.34149595120567067,34.149595120567064,0.8833805153101342,88.33805153101342,2.1703551880000305,Success
/home/master/MasterThesis/OPM-MEG MPS/data/preprocessed_rest_epochs/005/somatosensory/run01_epochs.npz,005,somatosensory,run01,TT,"(1, 7, 5, 1)",7,5,8490060,9469,0.998884696,896.6163269616644,0.29330629294994615,29.330629294994615,0.9139714185159604,91.39714185159605,2.460319801000878,Success
/home/master/MasterThesis/OPM-MEG MPS/data/preprocessed_rest_epochs/005/somatosensory/run01_epochs.npz,005,somatosensory,run01,TT,"(1, 7, 7, 1)",7,7,8490060,12691,0.9985051931317329,668.9827436766212,0.2881774547868483,28.81774547868483,0.9169537545525739,91.69537545525739,2.158972481998717,Success
/home/master/MasterThesis/OPM-MEG MPS/data/preprocessed_rest_epochs/005/somatosensory/run01_epochs.npz,005,somatosensory,run01,TT,"(1, 7, 10, 1)",7,10,8490060,17524,0.9979359392041988,484.4818534581146,0.28773704757981766,28.773704757981765,0.9172073914500497,91.72073914500497,2.373858703998849,Success
/home/master/MasterThesis/OPM-MEG MPS/data/preprocessed_rest_epochs/005/somatosensory/run01_epochs.npz,005,somatosensory,run01,TT,"(1, 10, 7, 1)",10,7,8490060,13927,0.9983596111217118,609.6115459,0.2348212387045924,23.48212387045924,0.9448589858532408,94.48589858532408,3.3108062599985715,Success
/home/master/MasterThesis/OPM-MEG MPS/data/preprocessed_rest_epochs/005/somatosensory/run01_epochs.npz,005,somatosensory,run01,TT,"(1, 10, 10, 1)",10,10,8490060,19030,0.9977585552987847,446.1408302679979,0.23352977326482102,23.35297733,0.9454638449988813,94.54638449988812,2.2141420409989223,Success
/home/master/MasterThesis/OPM-MEG MPS/data/preprocessed_rest_epochs/005/somatosensory/run01_epochs.npz,005,somatosensory,run01,TT,"(1, 10, 15, 1)",10,15,8490060,27535,0.9967567955939063,308.3370256,0.2330457660823467,23.30457660823467,0.9456896709110921,94.56896709110922,2.7740088589998777,Success
/home/master/MasterThesis/OPM-MEG MPS/data/preprocessed_rest_epochs/005/somatosensory/run01_epochs.npz,005,somatosensory,run01,TT,"(1, 15, 10, 1)",15,10,8490060,21540,0.9974629154564278,394.1532033426184,0.179113444,17.91134443,0.967918374,96.79183741,2.4235010079992207,Success
/home/master/MasterThesis/OPM-MEG MPS/data/preprocessed_rest_epochs/005/somatosensory/run01_epochs.npz,005,somatosensory,run01,TT,"(1, 15, 15, 1)",15,15,8490060,30795,0.9963728171532357,275.69605455431076,0.1779895729792399,17.79895729792399,0.9683197119106678,96.83197119106678,2.284093248001227,Success
/home/master/MasterThesis/OPM-MEG MPS/data/preprocessed_rest_epochs/005/somatosensory/run01_epochs.npz,005,somatosensory,run01,TT,"(1, 15, 20, 1)",15,20,8490060,40050,0.9952827188500435,211.98651685393259,0.1776917621725317,17.769176217253168,0.9684256376560204,96.84256376560204,2.3539266210009373,Success
/home/master/MasterThesis/OPM-MEG MPS/data/preprocessed_rest_epochs/005/somatosensory/run01_epochs.npz,005,somatosensory,run01,TT,"(1, 20, 15, 1)",20,15,8490060,34055,0.995988839,249.30436059315812,0.14304535590113604,14.304535590113604,0.9795380261551173,97.95380261551173,2.4870155370008433,Success
/home/master/MasterThesis/OPM-MEG MPS/data/preprocessed_rest_epochs/005/somatosensory/run01_epochs.npz,005,somatosensory,run01,TT,"(1, 20, 20, 1)",20,20,8490060,44060,0.9948104018110591,192.69314571039493,0.14253053184874553,14.253053184874553,0.9796850474909138,97.96850474909138,2.4715588620001654,Success
/home/master/MasterThesis/OPM-MEG MPS/data/preprocessed_rest_epochs/005/somatosensory/run02_epochs.npz,005,somatosensory,run02,TT,"(1, 3, 3, 1)",3,3,8321940,5067,0.9993911275495858,1642.380106571936,0.5121913522980125,51.219135229801246,0.7376600186311331,73.76600186,1.8842641219998768,Success
/home/master/MasterThesis/OPM-MEG MPS/data/preprocessed_rest_epochs/005/somatosensory/run02_epochs.npz,005,somatosensory,run02,TT,"(1, 3, 5, 1)",3,5,8321940,8049,0.9990327976409347,1033.909802459933,0.504357731,50.43577306,0.7456232796315031,74.56232796315031,2.0834306910001033,Success
/home/master/MasterThesis/OPM-MEG MPS/data/preprocessed_rest_epochs/005/somatosensory/run02_epochs.npz,005,somatosensory,run02,TT,"(1, 5, 3, 1)",5,3,8321940,5643,0.9993219129193434,1474.7368421052631,0.44326510473610836,44.32651047361084,0.8035160469232868,80.35160469232868,2.1346772799988685,Success
/home/master/MasterThesis/OPM-MEG MPS/data/preprocessed_rest_epochs/005/somatosensory/run02_epochs.npz,005,somatosensory,run02,TT,"(1, 5, 5, 1)",5,5,8321940,8745,0.9989491632960583,951.6226415,0.41366109174119003,41.36610917,0.8288845011794866,82.88845011794866,2.075911216001259,Success
/home/master/MasterThesis/OPM-MEG MPS/data/preprocessed_rest_epochs/005/somatosensory/run02_epochs.npz,005,somatosensory,run02,TT,"(1, 5, 7, 1)",5,7,8321940,11847,0.9985764136727734,702.4512534818941,0.41129051165166425,41.12905116516642,0.8308401150253122,83.08401150253121,2.1338917840002978,Success
/home/master/MasterThesis/OPM-MEG MPS/data/preprocessed_rest_epochs/005/somatosensory/run02_epochs.npz,005,somatosensory,run02,TT,"(1, 7, 5, 1)",7,5,8321940,9441,0.9988655289511821,881.4680648236416,0.3355512186183066,33.55512186183066,0.8874053796837693,88.74053796837693,2.071242734000407,Success
/home/master/MasterThesis/OPM-MEG MPS/data/preprocessed_rest_epochs/005/somatosensory/run02_epochs.npz,005,somatosensory,run02,TT,"(1, 7, 7, 1)",7,7,8321940,12663,0.9984783596132633,657.1855011,0.33133323584979196,33.133323584979195,0.8902182868213061,89.02182868,2.0359118840005976,Success
/home/master/MasterThesis/OPM-MEG MPS/data/preprocessed_rest_epochs/005/somatosensory/run02_epochs.npz,005,somatosensory,run02,TT,"(1, 7, 10, 1)",7,10,8321940,17496,0.9978976056063851,475.64814814814815,0.330531414,33.05314139,0.8907489844197833,89.07489844197833,2.5479386980005074,Success
/home/master/MasterThesis/OPM-MEG MPS/data/preprocessed_rest_epochs/005/somatosensory/run02_epochs.npz,005,somatosensory,run02,TT,"(1, 10, 7, 1)",10,7,8321940,13887,0.9983312785239981,599.2611795204148,0.2738492680822087,27.38492680822087,0.9250065783708386,92.50065783708385,2.2720909849995223,Success
/home/master/MasterThesis/OPM-MEG MPS/data/preprocessed_rest_epochs/005/somatosensory/run02_epochs.npz,005,somatosensory,run02,TT,"(1, 10, 10, 1)",10,10,8321940,18990,0.9977180801591936,438.22748815165875,0.27173543900472336,27.173543900472335,0.9261598511889103,92.61598511889103,2.9623668659987743,Success
/home/master/MasterThesis/OPM-MEG MPS/data/preprocessed_rest_epochs/005/somatosensory/run02_epochs.npz,005,somatosensory,run02,TT,"(1, 10, 15, 1)",10,15,8321940,27495,0.9966960828845197,302.6710311,0.2708828659165278,27.088286591652782,0.9266224729528484,92.66224729528484,5.203636799000378,Success
/home/master/MasterThesis/OPM-MEG MPS/data/preprocessed_rest_epochs/005/somatosensory/run02_epochs.npz,005,somatosensory,run02,TT,"(1, 15, 10, 1)",15,10,8321940,21480,0.9974188710805413,387.42737430167597,0.20784097864199905,20.784097864199904,0.9568021275971361,95.68021275971361,3.210552259000906,Success
/home/master/MasterThesis/OPM-MEG MPS/data/preprocessed_rest_epochs/005/somatosensory/run02_epochs.npz,005,somatosensory,run02,TT,"(1, 15, 15, 1)",15,15,8321940,30735,0.9963067505894059,270.76427525622256,0.20610324699260302,20.610324699260303,0.9575214515791061,95.75214516,2.1716469439998036,Success
/home/master/MasterThesis/OPM-MEG MPS/data/preprocessed_rest_epochs/005/somatosensory/run02_epochs.npz,005,somatosensory,run02,TT,"(1, 15, 20, 1)",15,20,8321940,39990,0.9951946300982704,208.1005251312828,0.20568030990054506,20.568030990054506,0.9576956101192157,95.76956101192157,2.0998030329992616,Success
/home/master/MasterThesis/OPM-MEG MPS/data/preprocessed_rest_epochs/005/somatosensory/run02_epochs.npz,005,somatosensory,run02,TT,"(1, 20, 15, 1)",20,15,8321940,33975,0.9959174182942919,244.94304635761588,0.167628074,16.76280736,0.9719008289542719,97.19008289542718,2.439190676999715,Success
/home/master/MasterThesis/OPM-MEG MPS/data/preprocessed_rest_epochs/005/somatosensory/run02_epochs.npz,005,somatosensory,run02,TT,"(1, 20, 20, 1)",20,20,8321940,43980,0.9947151745866949,189.22100954979535,0.16691564009053264,16.691564009053263,0.9721391690931678,97.21391690931678,2.324050773999261,Success
/home/master/MasterThesis/OPM-MEG MPS/data/preprocessed_rest_epochs/006/auditory/run01_epochs.npz,006,auditory,run01,TT,"(1, 3, 3, 1)",3,3,8406000,5073,0.9993965024982155,1657.0076877587226,0.6250167642846631,62.50167642846631,0.6093540443631302,60.93540443631302,1.9042949169997883,Success
/home/master/MasterThesis/OPM-MEG MPS/data/preprocessed_rest_epochs/006/auditory/run01_epochs.npz,006,auditory,run01,TT,"(1, 3, 5, 1)",3,5,8406000,8055,0.999041756,1043.5754189944134,0.6229696398158885,62.296963981588846,0.6119088278676623,61.19088278676623,1.929593090999333,Success
/home/master/MasterThesis/OPM-MEG MPS/data/preprocessed_rest_epochs/006/auditory/run01_epochs.npz,006,auditory,run01,TT,"(1, 5, 3, 1)",5,3,8406000,5653,0.9993275041636926,1486.9980541305501,0.5779507694870405,57.79507694870405,0.665972908,66.59729080493379,2.2143643939998583,Success
/home/master/MasterThesis/OPM-MEG MPS/data/preprocessed_rest_epochs/006/auditory/run01_epochs.npz,006,auditory,run01,TT,"(1, 5, 5, 1)",5,5,8406000,8755,0.9989584820366405,960.1370645345517,0.538200073,53.82000726,0.7103406818560223,71.03406818560222,2.510849636000785,Success
/home/master/MasterThesis/OPM-MEG MPS/data/preprocessed_rest_epochs/006/auditory/run01_epochs.npz,006,auditory,run01,TT,"(1, 5, 7, 1)",5,7,8406000,11857,0.9985894599095884,708.9483005819347,0.535207529,53.520752901875504,0.7135529008816388,71.35529008816388,2.1867207320010493,Success
/home/master/MasterThesis/OPM-MEG MPS/data/preprocessed_rest_epochs/006/auditory/run01_epochs.npz,006,auditory,run01,TT,"(1, 7, 5, 1)",7,5,8406000,9455,0.998875208,889.0534109,0.5025423657253311,50.25423657253311,0.7474511706511877,74.74511706511878,2.538577624000027,Success
/home/master/MasterThesis/OPM-MEG MPS/data/preprocessed_rest_epochs/006/auditory/run01_epochs.npz,006,auditory,run01,TT,"(1, 7, 7, 1)",7,7,8406000,12677,0.9984919105400905,663.0906366,0.47678626340680424,47.678626340680424,0.7726748590265776,77.26748590265777,2.2452476429989474,Success
/home/master/MasterThesis/OPM-MEG MPS/data/preprocessed_rest_epochs/006/auditory/run01_epochs.npz,006,auditory,run01,TT,"(1, 7, 10, 1)",7,10,8406000,17510,0.997916964,480.0685322672758,0.47137082442844863,47.137082442844864,0.7778095458776448,77.78095458776448,2.0438556199987943,Success
/home/master/MasterThesis/OPM-MEG MPS/data/preprocessed_rest_epochs/006/auditory/run01_epochs.npz,006,auditory,run01,TT,"(1, 10, 7, 1)",10,7,8406000,13907,0.9983455864858435,604.4438052779176,0.42684974532114595,42.684974532114595,0.817799295,81.77992949192729,2.253804702999332,Success
/home/master/MasterThesis/OPM-MEG MPS/data/preprocessed_rest_epochs/006/auditory/run01_epochs.npz,006,auditory,run01,TT,"(1, 10, 10, 1)",10,10,8406000,19010,0.9977385201046871,442.18832193582324,0.40600597346843553,40.60059734684355,0.8351591495079482,83.51591495079482,2.155891910000719,Success
/home/master/MasterThesis/OPM-MEG MPS/data/preprocessed_rest_epochs/006/auditory/run01_epochs.npz,006,auditory,run01,TT,"(1, 10, 15, 1)",10,15,8406000,27515,0.996726743,305.50608758858806,0.40302943477119024,40.30294347711902,0.8375672747080151,83.75672747080151,2.0955237750004017,Success
/home/master/MasterThesis/OPM-MEG MPS/data/preprocessed_rest_epochs/006/auditory/run01_epochs.npz,006,auditory,run01,TT,"(1, 15, 10, 1)",15,10,8406000,21510,0.997441113,390.7949790794979,0.327761891,32.776189128259695,0.8925721426228551,89.25721426228552,2.360581398999784,Success
/home/master/MasterThesis/OPM-MEG MPS/data/preprocessed_rest_epochs/006/auditory/run01_epochs.npz,006,auditory,run01,TT,"(1, 15, 15, 1)",15,15,8406000,30765,0.9963401142041399,273.2325694783033,0.3164997290318345,31.64997290318345,0.8998279215227755,89.98279215227754,2.2855976589999045,Success
/home/master/MasterThesis/OPM-MEG MPS/data/preprocessed_rest_epochs/006/auditory/run01_epochs.npz,006,auditory,run01,TT,"(1, 15, 20, 1)",15,20,8406000,40020,0.9952391149179157,210.04497751124438,0.31619761640780003,31.619761640780002,0.9000190673780258,90.00190673780259,2.155231692000598,Success
/home/master/MasterThesis/OPM-MEG MPS/data/preprocessed_rest_epochs/006/auditory/run01_epochs.npz,006,auditory,run01,TT,"(1, 20, 15, 1)",20,15,8406000,34015,0.9959534856055199,247.12626782301925,0.25065426373107735,25.065426373107734,0.9371724400734316,93.71724400734315,2.5176972190001834,Success
/home/master/MasterThesis/OPM-MEG MPS/data/preprocessed_rest_epochs/006/auditory/run01_epochs.npz,006,auditory,run01,TT,"(1, 20, 20, 1)",20,20,8406000,44020,0.9947632643349988,190.95865515674694,0.250114991,25.011499073833598,0.9374424914079622,93.74424914079623,2.4096900610002194,Success
/home/master/MasterThesis/OPM-MEG MPS/data/preprocessed_rest_epochs/006/auditory/run02_epochs.npz,006,auditory,run02,TT,"(1, 3, 3, 1)",3,3,8406000,5073,0.9993965024982155,1657.0076877587226,0.6031579460166715,60.31579460166715,0.6362004921569502,63.62004921569502,2.7220060959989496,Success
/home/master/MasterThesis/OPM-MEG MPS/data/preprocessed_rest_epochs/006/auditory/run02_epochs.npz,006,auditory,run02,TT,"(1, 3, 5, 1)",3,5,8406000,8055,0.999041756,1043.5754189944134,0.5997039324338055,59.97039324338055,0.6403551934234297,64.03551934234298,2.3406757230004587,Success
/home/master/MasterThesis/OPM-MEG MPS/data/preprocessed_rest_epochs/006/auditory/run02_epochs.npz,006,auditory,run02,TT,"(1, 5, 3, 1)",5,3,8406000,5653,0.9993275041636926,1486.9980541305501,0.5436041861028734,54.36041861028734,0.7044944888514327,70.44944888514327,2.237949933998607,Success
/home/master/MasterThesis/OPM-MEG MPS/data/preprocessed_rest_epochs/006/auditory/run02_epochs.npz,006,auditory,run02,TT,"(1, 5, 5, 1)",5,5,8406000,8755,0.9989584820366405,960.1370645345517,0.502226114,50.2226114,0.7477689304165454,74.77689304165453,2.385043106000012,Success
/home/master/MasterThesis/OPM-MEG MPS/data/preprocessed_rest_epochs/006/auditory/run02_epochs.npz,006,auditory,run02,TT,"(1, 5, 7, 1)",5,7,8406000,11857,0.9985894599095884,708.9483005819347,0.5001191642253721,50.011916422537205,0.7498808215745154,74.98808215745154,2.476832477001153,Success
/home/master/MasterThesis/OPM-MEG MPS/data/preprocessed_rest_epochs/006/auditory/run02_epochs.npz,006,auditory,run02,TT,"(1, 7, 5, 1)",7,5,8406000,9455,0.998875208,889.0534109,0.44210137654674253,44.210137654674256,0.8045463728554754,80.45463728554753,2.094306637000045,Success
/home/master/MasterThesis/OPM-MEG MPS/data/preprocessed_rest_epochs/006/auditory/run02_epochs.npz,006,auditory,run02,TT,"(1, 7, 7, 1)",7,7,8406000,12677,0.9984919105400905,663.0906366,0.4359639466830291,43.59639466830291,0.8099354371925569,80.99354371925568,2.2982540010016237,Success
/home/master/MasterThesis/OPM-MEG MPS/data/preprocessed_rest_epochs/006/auditory/run02_epochs.npz,006,auditory,run02,TT,"(1, 7, 10, 1)",7,10,8406000,17510,0.997916964,480.0685322672758,0.43263796708784846,43.263796708784845,0.8128243894340937,81.28243894340937,2.150099921000219,Success
/home/master/MasterThesis/OPM-MEG MPS/data/preprocessed_rest_epochs/006/auditory/run02_epochs.npz,006,auditory,run02,TT,"(1, 10, 7, 1)",10,7,8406000,13907,0.9983455864858435,604.4438052779176,0.3795065521369985,37.950655213699854,0.8559747768850876,85.59747768850876,2.1336115039994183,Success
/home/master/MasterThesis/OPM-MEG MPS/data/preprocessed_rest_epochs/006/auditory/run02_epochs.npz,006,auditory,run02,TT,"(1, 10, 10, 1)",10,10,8406000,19010,0.9977385201046871,442.18832193582324,0.36841634756495173,36.841634756495175,0.8642693948469007,86.42693948469007,2.121390825999697,Success
/home/master/MasterThesis/OPM-MEG MPS/data/preprocessed_rest_epochs/006/auditory/run02_epochs.npz,006,auditory,run02,TT,"(1, 10, 15, 1)",10,15,8406000,27515,0.996726743,305.50608758858806,0.3662850680303213,36.62850680303213,0.865835249,86.58352489,2.1378056169996853,Success
/home/master/MasterThesis/OPM-MEG MPS/data/preprocessed_rest_epochs/006/auditory/run02_epochs.npz,006,auditory,run02,TT,"(1, 15, 10, 1)",15,10,8406000,21510,0.997441113,390.7949790794979,0.29325290146487476,29.325290146487475,0.9140027357824324,91.40027357824324,2.1500685209994117,Success
/home/master/MasterThesis/OPM-MEG MPS/data/preprocessed_rest_epochs/006/auditory/run02_epochs.npz,006,auditory,run02,TT,"(1, 15, 15, 1)",15,15,8406000,30765,0.9963401142041399,273.2325694783033,0.2878907450930605,28.78907450930605,0.9171189188897624,91.71189188897624,2.343341755999063,Success
/home/master/MasterThesis/OPM-MEG MPS/data/preprocessed_rest_epochs/006/auditory/run02_epochs.npz,006,auditory,run02,TT,"(1, 15, 20, 1)",15,20,8406000,40020,0.9952391149179157,210.04497751124438,0.28744778581768937,28.744778581768937,0.9173737704285078,91.73737704285078,2.6926882689986087,Success
/home/master/MasterThesis/OPM-MEG MPS/data/preprocessed_rest_epochs/006/auditory/run02_epochs.npz,006,auditory,run02,TT,"(1, 20, 15, 1)",20,15,8406000,34015,0.9959534856055199,247.12626782301925,0.2291129098711352,22.91129098711352,0.9475072745303811,94.75072745303811,2.4724357459999737,Success
/home/master/MasterThesis/OPM-MEG MPS/data/preprocessed_rest_epochs/006/auditory/run02_epochs.npz,006,auditory,run02,TT,"(1, 20, 20, 1)",20,20,8406000,44020,0.9947632643349988,190.95865515674694,0.2282805235559493,22.82805235559493,0.9478880025650217,94.78880025650217,2.3456732829999964,Success
/home/master/MasterThesis/OPM-MEG MPS/data/preprocessed_rest_epochs/006/motor/run01_epochs.npz,006,motor,run01,TT,"(1, 3, 3, 1)",3,3,1891350,4608,0.9975636450154651,410.4492188,0.5504031048845611,55.040310488456115,0.6970564221334347,69.70564221334347,0.20599672900061705,Success
/home/master/MasterThesis/OPM-MEG MPS/data/preprocessed_rest_epochs/006/motor/run01_epochs.npz,006,motor,run01,TT,"(1, 3, 5, 1)",3,5,1891350,7590,0.9959869934174003,249.1897233201581,0.5278237044760432,52.78237044760432,0.7214021369931866,72.14021369931865,0.24658702600027027,Success
/home/master/MasterThesis/OPM-MEG MPS/data/preprocessed_rest_epochs/006/motor/run01_epochs.npz,006,motor,run01,TT,"(1, 5, 3, 1)",5,3,1891350,4878,0.9974208898405901,387.73062730627305,0.4751823667980037,47.51823667980037,0.7742017182842474,77.42017182842474,0.40908139599923743,Success
/home/master/MasterThesis/OPM-MEG MPS/data/preprocessed_rest_epochs/006/motor/run01_epochs.npz,006,motor,run01,TT,"(1, 5, 5, 1)",5,5,1891350,7980,0.9957807914981363,237.01127819548873,0.42775082287746824,42.77508228774683,0.8170292335276488,81.70292335276488,0.2889681090000522,Success
/home/master/MasterThesis/OPM-MEG MPS/data/preprocessed_rest_epochs/006/motor/run01_epochs.npz,006,motor,run01,TT,"(1, 5, 7, 1)",5,7,1891350,11082,0.9941406931556824,170.66865186789389,0.416666839,41.66668387,0.826388746,82.63887455,0.30949306600086857,Success
/home/master/MasterThesis/OPM-MEG MPS/data/preprocessed_rest_epochs/006/motor/run01_epochs.npz,006,motor,run01,TT,"(1, 7, 5, 1)",7,5,1891350,8370,0.9955745895788722,225.96774193548387,0.38757368984999935,38.757368984999935,0.8497866349360566,84.97866349360565,0.2829485130005196,Success
/home/master/MasterThesis/OPM-MEG MPS/data/preprocessed_rest_epochs/006/motor/run01_epochs.npz,006,motor,run01,TT,"(1, 7, 7, 1)",7,7,1891350,11592,0.9938710444920295,163.15993788819875,0.36361825290438404,36.361825290438404,0.8677817661547634,86.77817661547634,0.2978174050003872,Success
/home/master/MasterThesis/OPM-MEG MPS/data/preprocessed_rest_epochs/006/motor/run01_epochs.npz,006,motor,run01,TT,"(1, 7, 10, 1)",7,10,1891350,16425,0.9913157268617654,115.15068493150685,0.35380110268314124,35.38011026831413,0.8748247797401933,87.48247797401933,0.2996334740000748,Success
/home/master/MasterThesis/OPM-MEG MPS/data/preprocessed_rest_epochs/006/motor/run01_epochs.npz,006,motor,run01,TT,"(1, 10, 7, 1)",10,7,1891350,12357,0.993466571,153.05899490167516,0.31503062152934447,31.503062152934447,0.9007557074988349,90.07557075,0.40226405800058274,Success
/home/master/MasterThesis/OPM-MEG MPS/data/preprocessed_rest_epochs/006/motor/run01_epochs.npz,006,motor,run01,TT,"(1, 10, 10, 1)",10,10,1891350,17460,0.9907684986914109,108.32474226804123,0.2966725086450133,29.667250864501334,0.9119854226142745,91.19854226142745,0.32218047700007446,Success
/home/master/MasterThesis/OPM-MEG MPS/data/preprocessed_rest_epochs/006/motor/run01_epochs.npz,006,motor,run01,TT,"(1, 10, 15, 1)",10,15,1891350,25965,0.9862717106828456,72.84228769,0.28857446179318835,28.857446179318835,0.9167247800007716,91.67247800007716,1.002548589000071,Success
/home/master/MasterThesis/OPM-MEG MPS/data/preprocessed_rest_epochs/006/motor/run01_epochs.npz,006,motor,run01,TT,"(1, 15, 10, 1)",15,10,1891350,19185,0.989856452,98.58483189992181,0.23246655401463773,23.246655401463773,0.9459593012645595,94.59593012645595,0.5357378609987791,Success
/home/master/MasterThesis/OPM-MEG MPS/data/preprocessed_rest_epochs/006/motor/run01_epochs.npz,006,motor,run01,TT,"(1, 15, 15, 1)",15,15,1891350,28440,0.9849631215798239,66.50316455696202,0.21708537754065224,21.708537754065222,0.9528739388580325,95.28739388580325,0.4030089539992332,Success
/home/master/MasterThesis/OPM-MEG MPS/data/preprocessed_rest_epochs/006/motor/run01_epochs.npz,006,motor,run01,TT,"(1, 15, 20, 1)",15,20,1891350,37695,0.9800697914188278,50.17508953442101,0.21450301835608843,21.450301835608844,0.9539884551161276,95.39884551161276,0.44251547699968796,Success
/home/master/MasterThesis/OPM-MEG MPS/data/preprocessed_rest_epochs/006/motor/run01_epochs.npz,006,motor,run01,TT,"(1, 20, 15, 1)",20,15,1891350,30915,0.9836545324768022,61.17903930131004,0.16494204136487595,16.494204136487596,0.9727941229903876,97.27941229903875,0.5855171000002883,Success
/home/master/MasterThesis/OPM-MEG MPS/data/preprocessed_rest_epochs/006/motor/run01_epochs.npz,006,motor,run01,TT,"(1, 20, 20, 1)",20,20,1891350,40920,0.9783646601633753,46.22067448680352,0.16051047363845788,16.05104736384579,0.9742363878523579,97.42363879,0.5841773259999172,Success
/home/master/MasterThesis/OPM-MEG MPS/data/preprocessed_rest_epochs/006/motor/run02_epochs.npz,006,motor,run02,TT,"(1, 3, 3, 1)",3,3,2773980,4671,0.9983161378236325,593.8728323699422,0.6397899499099127,63.97899499099127,0.5906688199942716,59.06688199942715,0.5506629069986957,Success
/home/master/MasterThesis/OPM-MEG MPS/data/preprocessed_rest_epochs/006/motor/run02_epochs.npz,006,motor,run02,TT,"(1, 3, 5, 1)",3,5,2773980,7653,0.9972411480976792,362.4696197569581,0.6143772033629696,61.43772033629696,0.6225406519878964,62.25406519878965,0.5026445829989825,Success
/home/master/MasterThesis/OPM-MEG MPS/data/preprocessed_rest_epochs/006/motor/run02_epochs.npz,006,motor,run02,TT,"(1, 5, 3, 1)",5,3,2773980,4983,0.9982036640494885,556.6887417218543,0.5739398841598641,57.393988415986406,0.6705930093705619,67.05930094,0.5677350980004121,Success
/home/master/MasterThesis/OPM-MEG MPS/data/preprocessed_rest_epochs/006/motor/run02_epochs.npz,006,motor,run02,TT,"(1, 5, 5, 1)",5,5,2773980,8085,0.9970854151796336,343.1020408163265,0.5264406903514816,52.644069035148156,0.7228601995422554,72.28601995422554,0.8339139340005204,Success
/home/master/MasterThesis/OPM-MEG MPS/data/preprocessed_rest_epochs/006/motor/run02_epochs.npz,006,motor,run02,TT,"(1, 5, 7, 1)",5,7,2773980,11187,0.9959671663097788,247.9646017699115,0.5175240633654099,51.75240633654099,0.7321688438377554,73.21688438377554,0.5376272819994483,Success
/home/master/MasterThesis/OPM-MEG MPS/data/preprocessed_rest_epochs/006/motor/run02_epochs.npz,006,motor,run02,TT,"(1, 7, 5, 1)",7,5,2773980,8517,0.9969296822615881,325.6991899,0.4700453188885542,47.004531888855425,0.7790573981909575,77.90573981909576,0.5616224389996205,Success
/home/master/MasterThesis/OPM-MEG MPS/data/preprocessed_rest_epochs/006/motor/run02_epochs.npz,006,motor,run02,TT,"(1, 7, 7, 1)",7,7,2773980,11739,0.9957681742478316,236.3046256069512,0.4572722476118847,45.72722476118847,0.7909020915639753,79.09020915639753,0.6611400290003075,Success
/home/master/MasterThesis/OPM-MEG MPS/data/preprocessed_rest_epochs/006/motor/run02_epochs.npz,006,motor,run02,TT,"(1, 7, 10, 1)",7,10,2773980,16572,0.994025912,167.38957277335265,0.4502103200532691,45.02103200532691,0.797310668,79.73106677,0.5482233709990396,Success
/home/master/MasterThesis/OPM-MEG MPS/data/preprocessed_rest_epochs/006/motor/run02_epochs.npz,006,motor,run02,TT,"(1, 10, 7, 1)",10,7,2773980,12567,0.995469686,220.7352590116973,0.39981068764917305,39.98106876,0.8401514140414954,84.01514140414955,0.5981512239995936,Success
/home/master/MasterThesis/OPM-MEG MPS/data/preprocessed_rest_epochs/006/motor/run02_epochs.npz,006,motor,run02,TT,"(1, 10, 10, 1)",10,10,2773980,17670,0.9936300910604979,156.9881154499151,0.3759907054136019,37.59907054136019,0.8586309894425821,85.86309894425821,0.8711880179998843,Success
/home/master/MasterThesis/OPM-MEG MPS/data/preprocessed_rest_epochs/006/motor/run02_epochs.npz,006,motor,run02,TT,"(1, 10, 15, 1)",10,15,2773980,26175,0.9905640992364761,105.97822349570201,0.3701745299006951,37.01745299006951,0.8629708174127995,86.29708174127995,0.6107035860004544,Success
/home/master/MasterThesis/OPM-MEG MPS/data/preprocessed_rest_epochs/006/motor/run02_epochs.npz,006,motor,run02,TT,"(1, 15, 10, 1)",15,10,2773980,19500,0.9929703891159994,142.25538461538463,0.2795130665761642,27.95130665761642,0.9218724456131888,92.18724456131888,0.7504641830000764,Success
/home/master/MasterThesis/OPM-MEG MPS/data/preprocessed_rest_epochs/006/motor/run02_epochs.npz,006,motor,run02,TT,"(1, 15, 15, 1)",15,15,2773980,28755,0.989634028,96.46948356807512,0.26764269421571363,26.764269421571363,0.9283673882329541,92.83673882,0.6584603159990365,Success
/home/master/MasterThesis/OPM-MEG MPS/data/preprocessed_rest_epochs/006/motor/run02_epochs.npz,006,motor,run02,TT,"(1, 15, 20, 1)",15,20,2773980,38010,0.9862976661691865,72.98026835,0.2662145711265343,26.62145711265343,0.9291298021199154,92.91298021199154,0.7454181039993273,Success
/home/master/MasterThesis/OPM-MEG MPS/data/preprocessed_rest_epochs/006/motor/run02_epochs.npz,006,motor,run02,TT,"(1, 20, 15, 1)",20,15,2773980,31335,0.9887039560487098,88.52656773575873,0.19646609872401885,19.646609872401886,0.9614010720521641,96.14010720521641,0.7407795719991555,Success
/home/master/MasterThesis/OPM-MEG MPS/data/preprocessed_rest_epochs/006/motor/run02_epochs.npz,006,motor,run02,TT,"(1, 20, 20, 1)",20,20,2773980,41340,0.9850972249259187,67.10159651669086,0.1938339272281074,19.38339272281074,0.9624284086553287,96.24284086553287,0.8402776309994806,Success
/home/master/MasterThesis/OPM-MEG MPS/data/preprocessed_rest_epochs/006/motor/run03_epochs.npz,006,motor,run03,TT,"(1, 3, 3, 1)",3,3,2311650,4638,0.9979936409058465,498.41526520051747,0.5818995661905932,58.18995661905932,0.6613928948671994,66.13928948671995,0.3896726860002673,Success
/home/master/MasterThesis/OPM-MEG MPS/data/preprocessed_rest_epochs/006/motor/run03_epochs.npz,006,motor,run03,TT,"(1, 3, 5, 1)",3,5,2311650,7620,0.9967036532347024,303.36614173228344,0.5645473807608821,56.454738076088205,0.6812862548760277,68.12862548760276,0.3688823520005826,Success
/home/master/MasterThesis/OPM-MEG MPS/data/preprocessed_rest_epochs/006/motor/run03_epochs.npz,006,motor,run03,TT,"(1, 5, 3, 1)",5,3,2311650,4928,0.997868189,469.08482142857144,0.5180676055915318,51.806760559153176,0.7316059560366572,73.16059560366573,0.38094779799939715,Success
/home/master/MasterThesis/OPM-MEG MPS/data/preprocessed_rest_epochs/006/motor/run03_epochs.npz,006,motor,run03,TT,"(1, 5, 5, 1)",5,5,2311650,8030,0.9965262907447061,287.8767123287671,0.462186933,46.21869328,0.7863832391787828,78.63832391787828,0.4377999150001415,Success
/home/master/MasterThesis/OPM-MEG MPS/data/preprocessed_rest_epochs/006/motor/run03_epochs.npz,006,motor,run03,TT,"(1, 5, 7, 1)",5,7,2311650,11132,0.9951843921008803,207.6581027667984,0.45198763187127605,45.198763187127604,0.7957071806353959,79.57071806353959,0.38022716700106685,Success
/home/master/MasterThesis/OPM-MEG MPS/data/preprocessed_rest_epochs/006/motor/run03_epochs.npz,006,motor,run03,TT,"(1, 7, 5, 1)",7,5,2311650,8440,0.9963489282547099,273.89218009478674,0.42118885848390625,42.118885848390626,0.822599945,82.25999455,0.411101272,Success
/home/master/MasterThesis/OPM-MEG MPS/data/preprocessed_rest_epochs/006/motor/run03_epochs.npz,006,motor,run03,TT,"(1, 7, 7, 1)",7,7,2311650,11662,0.9949551186382022,198.22071685817184,0.4001396058645762,40.01396058645762,0.8398882958185416,83.98882958185416,0.4296903430004022,Success
/home/master/MasterThesis/OPM-MEG MPS/data/preprocessed_rest_epochs/006/motor/run03_epochs.npz,006,motor,run03,TT,"(1, 7, 10, 1)",7,10,2311650,16495,0.9928644042134406,140.14246741436799,0.3878883741929281,38.78883741929281,0.849542609,84.95426092,0.4931530530011514,Success
/home/master/MasterThesis/OPM-MEG MPS/data/preprocessed_rest_epochs/006/motor/run03_epochs.npz,006,motor,run03,TT,"(1, 10, 7, 1)",10,7,2311650,12457,0.9946112084441849,185.5703620454363,0.35505818225654523,35.50581822565452,0.873933687,87.39336872126779,0.4478020139995351,Success
/home/master/MasterThesis/OPM-MEG MPS/data/preprocessed_rest_epochs/006/motor/run03_epochs.npz,006,motor,run03,TT,"(1, 10, 10, 1)",10,10,2311650,17560,0.9924036943308892,131.64293849658316,0.32395370171087023,32.39537017108702,0.8950539991478246,89.50539991478246,0.4500360899983207,Success
/home/master/MasterThesis/OPM-MEG MPS/data/preprocessed_rest_epochs/006/motor/run03_epochs.npz,006,motor,run03,TT,"(1, 10, 15, 1)",10,15,2311650,26065,0.988724504,88.68789564550163,0.3164790516770193,31.64790516770193,0.8998410098496146,89.98410098496146,0.4284656489999179,Success
/home/master/MasterThesis/OPM-MEG MPS/data/preprocessed_rest_epochs/006/motor/run03_epochs.npz,006,motor,run03,TT,"(1, 15, 10, 1)",15,10,2311650,19335,0.9916358445266368,119.5577967416602,0.25614248876025997,25.614248876025997,0.934391025,93.43910255,0.5638190749996284,Success
/home/master/MasterThesis/OPM-MEG MPS/data/preprocessed_rest_epochs/006/motor/run03_epochs.npz,006,motor,run03,TT,"(1, 15, 15, 1)",15,15,2311650,28590,0.9876322107585491,80.85519412381952,0.23856859907627972,23.85685990762797,0.9430850235347813,94.30850235347813,0.5569927260003169,Success
/home/master/MasterThesis/OPM-MEG MPS/data/preprocessed_rest_epochs/006/motor/run03_epochs.npz,006,motor,run03,TT,"(1, 15, 20, 1)",15,20,2311650,37845,0.9836285769904614,61.08204518,0.23652975135104537,23.652975135104537,0.9440536767258126,94.40536767258126,0.6116497849998268,Success
/home/master/MasterThesis/OPM-MEG MPS/data/preprocessed_rest_epochs/006/motor/run03_epochs.npz,006,motor,run03,TT,"(1, 20, 15, 1)",20,15,2311650,31115,0.9865399173750351,74.29374899566126,0.1807648793447482,18.07648793447482,0.9673240583954786,96.73240583954787,0.9266586369994911,Success
/home/master/MasterThesis/OPM-MEG MPS/data/preprocessed_rest_epochs/006/motor/run03_epochs.npz,006,motor,run03,TT,"(1, 20, 20, 1)",20,20,2311650,41120,0.9822118400276858,56.21716926070039,0.1770681542969005,17.70681542969005,0.968646869,96.86468687,0.8912004760004493,Success
/home/master/MasterThesis/OPM-MEG MPS/data/preprocessed_rest_epochs/006/rest/run01_epochs.npz,006,rest,run01,TT,"(1, 3, 3, 1)",3,3,18409140,5787,0.9996856452827237,3181.1197511664072,0.4059670979182119,40.59670979182119,0.8351907154078649,83.51907154,5.099644257999898,Success
/home/master/MasterThesis/OPM-MEG MPS/data/preprocessed_rest_epochs/006/rest/run01_epochs.npz,006,rest,run01,TT,"(1, 3, 5, 1)",3,5,18409140,8769,0.9995236605294978,2099.3431406089635,0.4020098771210106,40.20098771210106,0.8383880586971497,83.83880586971497,5.586758493000161,Success
/home/master/MasterThesis/OPM-MEG MPS/data/preprocessed_rest_epochs/006/rest/run01_epochs.npz,006,rest,run01,TT,"(1, 5, 3, 1)",5,3,18409140,6843,0.9996282824727282,2690.2148180622535,0.37721906234417313,37.72190623441731,0.8577057790041828,85.77057790041827,5.517358465000143,Success
/home/master/MasterThesis/OPM-MEG MPS/data/preprocessed_rest_epochs/006/rest/run01_epochs.npz,006,rest,run01,TT,"(1, 5, 5, 1)",5,5,18409140,9945,0.9994597792183665,1851.0950226244345,0.34596524220573194,34.596524220573194,0.880308051,88.03080512,5.636802834998889,Success
/home/master/MasterThesis/OPM-MEG MPS/data/preprocessed_rest_epochs/006/rest/run01_epochs.npz,006,rest,run01,TT,"(1, 5, 7, 1)",5,7,18409140,13047,0.9992912759640048,1410.986433662911,0.34269914771820714,34.269914771820716,0.8825572941532144,88.25572941532144,5.674574788999962,Success
/home/master/MasterThesis/OPM-MEG MPS/data/preprocessed_rest_epochs/006/rest/run01_epochs.npz,006,rest,run01,TT,"(1, 7, 5, 1)",7,5,18409140,11121,0.9993958979072353,1655.3493390882115,0.29814322434543533,29.814322434543534,0.9111106177769074,91.11106177769074,6.250042834000851,Success
/home/master/MasterThesis/OPM-MEG MPS/data/preprocessed_rest_epochs/006/rest/run01_epochs.npz,006,rest,run01,TT,"(1, 7, 7, 1)",7,7,18409140,14343,0.9992208761517377,1283.4929930976782,0.2922931271057178,29.22931271057178,0.9145647278467606,91.45647278467605,6.525858063001579,Success
/home/master/MasterThesis/OPM-MEG MPS/data/preprocessed_rest_epochs/006/rest/run01_epochs.npz,006,rest,run01,TT,"(1, 7, 10, 1)",7,10,18409140,19176,0.9989583435184913,960.0093867334168,0.29050549127004466,29.050549127004466,0.91560656,91.56065595,5.78076278,Success
/home/master/MasterThesis/OPM-MEG MPS/data/preprocessed_rest_epochs/006/rest/run01_epochs.npz,006,rest,run01,TT,"(1, 10, 7, 1)",10,7,18409140,16287,0.9991152764333369,1130.2965555350893,0.25582899324768543,25.582899324768544,0.9345515262138756,93.45515262138755,6.021909073000643,Success
/home/master/MasterThesis/OPM-MEG MPS/data/preprocessed_rest_epochs/006/rest/run01_epochs.npz,006,rest,run01,TT,"(1, 10, 10, 1)",10,10,18409140,21390,0.9988380771725349,860.6423562412342,0.25287541621313603,25.287541621313604,0.9360540238750332,93.60540238750332,6.382936506000988,Success
/home/master/MasterThesis/OPM-MEG MPS/data/preprocessed_rest_epochs/006/rest/run01_epochs.npz,006,rest,run01,TT,"(1, 10, 15, 1)",10,15,18409140,29895,0.9983760784045317,615.7932764676367,0.25157055325428357,25.157055325428356,0.9367122567353336,93.67122567353337,6.115303526999924,Success
/home/master/MasterThesis/OPM-MEG MPS/data/preprocessed_rest_epochs/006/rest/run01_epochs.npz,006,rest,run01,TT,"(1, 15, 10, 1)",15,10,18409140,25080,0.9986376332626076,734.0167464114833,0.2067800209172243,20.67800209172243,0.9572420229494722,95.72420229494722,5.945808326001497,Success
/home/master/MasterThesis/OPM-MEG MPS/data/preprocessed_rest_epochs/006/rest/run01_epochs.npz,006,rest,run01,TT,"(1, 15, 15, 1)",15,15,18409140,34335,0.9981348938625052,536.1625163826999,0.2037722602257485,20.377226022574852,0.9584768659624898,95.84768659624898,5.611143086000084,Success
/home/master/MasterThesis/OPM-MEG MPS/data/preprocessed_rest_epochs/006/rest/run01_epochs.npz,006,rest,run01,TT,"(1, 15, 20, 1)",15,20,18409140,43590,0.9976321544624029,422.3248451479697,0.20348934908092786,20.348934908092787,0.9585920848106203,95.85920848106203,5.7480270599990035,Success
/home/master/MasterThesis/OPM-MEG MPS/data/preprocessed_rest_epochs/006/rest/run01_epochs.npz,006,rest,run01,TT,"(1, 20, 15, 1)",20,15,18409140,38775,0.9978937093204788,474.76827852998065,0.1690422509136882,16.904225091368822,0.9714247174060336,97.14247174060337,6.242672311998831,Success
/home/master/MasterThesis/OPM-MEG MPS/data/preprocessed_rest_epochs/006/rest/run01_epochs.npz,006,rest,run01,TT,"(1, 20, 20, 1)",20,20,18409140,48780,0.9973502292882774,377.3911439114391,0.1686414453772961,16.86414453772961,0.9715600629010565,97.15600629010565,6.115580170000612,Success
/home/master/MasterThesis/OPM-MEG MPS/data/preprocessed_rest_epochs/006/somatosensory/run01_epochs.npz,006,somatosensory,run01,TT,"(1, 3, 3, 1)",3,3,8532090,5082,0.9994043663393143,1678.8842975206612,0.6373512906213185,63.73512906213185,0.5937833323433395,59.378333234333944,1.9238801840001543,Success
/home/master/MasterThesis/OPM-MEG MPS/data/preprocessed_rest_epochs/006/somatosensory/run01_epochs.npz,006,somatosensory,run01,TT,"(1, 3, 5, 1)",3,5,8532090,8064,0.9990548622904821,1058.046875,0.6351497009574097,63.51497009574098,0.5965848573737125,59.65848573737125,2.9394035409986827,Success
/home/master/MasterThesis/OPM-MEG MPS/data/preprocessed_rest_epochs/006/somatosensory/run01_epochs.npz,006,somatosensory,run01,TT,"(1, 5, 3, 1)",5,3,8532090,5668,0.9993356844571494,1505.3087508821454,0.5564961495764063,55.64961495764062,0.6903120355066339,69.03120355066339,2.166562280001017,Success
/home/master/MasterThesis/OPM-MEG MPS/data/preprocessed_rest_epochs/006/somatosensory/run01_epochs.npz,006,somatosensory,run01,TT,"(1, 5, 5, 1)",5,5,8532090,8770,0.9989721158590685,972.8722919,0.5408401263267112,54.08401263267112,0.7074919577549068,70.74919577549068,2.0468570970006112,Success
/home/master/MasterThesis/OPM-MEG MPS/data/preprocessed_rest_epochs/006/somatosensory/run01_epochs.npz,006,somatosensory,run01,TT,"(1, 5, 7, 1)",5,7,8532090,11872,0.9986085472609877,718.6733490566038,0.5383960029613121,53.83960029613121,0.7101297439952825,71.01297439952825,2.2163037520003854,Success
/home/master/MasterThesis/OPM-MEG MPS/data/preprocessed_rest_epochs/006/somatosensory/run01_epochs.npz,006,somatosensory,run01,TT,"(1, 7, 5, 1)",7,5,8532090,9476,0.9988893694276549,900.3894048121571,0.49802752639845793,49.80275263984579,0.751968583,75.19685829,2.1522197520007467,Success
/home/master/MasterThesis/OPM-MEG MPS/data/preprocessed_rest_epochs/006/somatosensory/run01_epochs.npz,006,somatosensory,run01,TT,"(1, 7, 7, 1)",7,7,8532090,12698,0.9985117362803252,671.9239250275634,0.48990481486811643,48.990481486811646,0.7599932723690364,75.99932723690364,2.102576424,Success
/home/master/MasterThesis/OPM-MEG MPS/data/preprocessed_rest_epochs/006/somatosensory/run01_epochs.npz,006,somatosensory,run01,TT,"(1, 7, 10, 1)",7,10,8532090,17531,0.9979452865593307,486.6858707432548,0.4849632632495466,48.49632632495466,0.7648106332983508,76.48106332983508,5.710387386001457,Success
/home/master/MasterThesis/OPM-MEG MPS/data/preprocessed_rest_epochs/006/somatosensory/run01_epochs.npz,006,somatosensory,run01,TT,"(1, 10, 7, 1)",10,7,8532090,13937,0.9983665198093316,612.1898543445504,0.4378892065551794,43.78892065551794,0.8082530427824753,80.82530427824753,3.153161395001007,Success
/home/master/MasterThesis/OPM-MEG MPS/data/preprocessed_rest_epochs/006/somatosensory/run01_epochs.npz,006,somatosensory,run01,TT,"(1, 10, 10, 1)",10,10,8532090,19040,0.9977684248525274,448.1139705882353,0.42259339464803186,42.25933946480318,0.8214148227998528,82.14148227998528,2.6354280239993386,Success
/home/master/MasterThesis/OPM-MEG MPS/data/preprocessed_rest_epochs/006/somatosensory/run01_epochs.npz,006,somatosensory,run01,TT,"(1, 10, 15, 1)",10,15,8532090,27545,0.9967715999245202,309.75095298602287,0.42065403295197207,42.06540329519721,0.823050185,82.30501846,2.233133023000846,Success
/home/master/MasterThesis/OPM-MEG MPS/data/preprocessed_rest_epochs/006/somatosensory/run01_epochs.npz,006,somatosensory,run01,TT,"(1, 15, 10, 1)",15,10,8532090,21555,0.9974736553411884,395.8288100208768,0.33878777774616053,33.878777774616054,0.885222842,88.52228416,2.2581470539989823,Success
/home/master/MasterThesis/OPM-MEG MPS/data/preprocessed_rest_epochs/006/somatosensory/run01_epochs.npz,006,somatosensory,run01,TT,"(1, 15, 15, 1)",15,15,8532090,30810,0.9963889269803764,276.9259980525803,0.3331705950193904,33.31705950193904,0.8889973546144253,88.89973546144253,2.4160465679997287,Success
/home/master/MasterThesis/OPM-MEG MPS/data/preprocessed_rest_epochs/006/somatosensory/run01_epochs.npz,006,somatosensory,run01,TT,"(1, 15, 20, 1)",15,20,8532090,40065,0.9953041986195645,212.95619618120554,0.33274914725203075,33.274914725203075,0.8892780050030463,88.92780050030463,2.2288169149996975,Success
/home/master/MasterThesis/OPM-MEG MPS/data/preprocessed_rest_epochs/006/somatosensory/run01_epochs.npz,006,somatosensory,run01,TT,"(1, 20, 15, 1)",20,15,8532090,34075,0.9960062540362327,250.39148936170213,0.2724589766532334,27.245897665323337,0.9257661060410728,92.57661060410727,2.438294130999566,Success
/home/master/MasterThesis/OPM-MEG MPS/data/preprocessed_rest_epochs/006/somatosensory/run01_epochs.npz,006,somatosensory,run01,TT,"(1, 20, 20, 1)",20,20,8532090,44080,0.9948336222426158,193.55921052631578,0.27168092628622126,27.168092628622126,0.9261894742922608,92.61894742922608,2.3956799669995235,Success
/home/master/MasterThesis/OPM-MEG MPS/data/preprocessed_rest_epochs/006/somatosensory/run02_epochs.npz,006,somatosensory,run02,TT,"(1, 3, 3, 1)",3,3,8574120,5085,0.9994069362220263,1686.1592920353983,0.6602315293612004,66.02315293612004,0.5640943276373706,56.40943276373706,1.935810216000391,Success
/home/master/MasterThesis/OPM-MEG MPS/data/preprocessed_rest_epochs/006/somatosensory/run02_epochs.npz,006,somatosensory,run02,TT,"(1, 3, 5, 1)",3,5,8574120,8067,0.9990591454283355,1062.8635180364447,0.6553618804552225,65.53618804552225,0.5705008056461951,57.050080564619506,2.309226067000054,Success
/home/master/MasterThesis/OPM-MEG MPS/data/preprocessed_rest_epochs/006/somatosensory/run02_epochs.npz,006,somatosensory,run02,TT,"(1, 5, 3, 1)",5,3,8574120,5673,0.9993383577556647,1511.390798519302,0.6057816800958528,60.578168009585276,0.6330285560602462,63.30285560602462,2.1503163930010487,Success
/home/master/MasterThesis/OPM-MEG MPS/data/preprocessed_rest_epochs/006/somatosensory/run02_epochs.npz,006,somatosensory,run02,TT,"(1, 5, 5, 1)",5,5,8574120,8775,0.998976571,977.1076923076923,0.5704306673125886,57.04306673125886,0.6746088537893151,67.46088537893151,2.1979612089999137,Success
/home/master/MasterThesis/OPM-MEG MPS/data/preprocessed_rest_epochs/006/somatosensory/run02_epochs.npz,006,somatosensory,run02,TT,"(1, 5, 7, 1)",5,7,8574120,11877,0.9986147849575233,721.9095731245264,0.5610140629421179,56.101406294211785,0.6852632211811776,68.52632211811776,2.3246251420005137,Success
/home/master/MasterThesis/OPM-MEG MPS/data/preprocessed_rest_epochs/006/somatosensory/run02_epochs.npz,006,somatosensory,run02,TT,"(1, 7, 5, 1)",7,5,8574120,9483,0.9988939972848525,904.1569123695033,0.5221523512652686,52.21523512652686,0.7273569220681517,72.73569220681517,2.2161160279993055,Success
/home/master/MasterThesis/OPM-MEG MPS/data/preprocessed_rest_epochs/006/somatosensory/run02_epochs.npz,006,somatosensory,run02,TT,"(1, 7, 7, 1)",7,7,8574120,12705,0.998518215,674.8618654073199,0.4926446163465065,49.26446163465065,0.7573012819848035,75.73012819848034,2.5823081280013866,Success
/home/master/MasterThesis/OPM-MEG MPS/data/preprocessed_rest_epochs/006/somatosensory/run02_epochs.npz,006,somatosensory,run02,TT,"(1, 7, 10, 1)",7,10,8574120,17538,0.997954542,488.88812863496406,0.48931117088268006,48.93111709,0.7605745780494209,76.05745780494209,2.1314981979994627,Success
/home/master/MasterThesis/OPM-MEG MPS/data/preprocessed_rest_epochs/006/somatosensory/run02_epochs.npz,006,somatosensory,run02,TT,"(1, 10, 7, 1)",10,7,8574120,13947,0.9983733607647198,614.7644654764465,0.44205483105436977,44.205483105436976,0.8045875263414926,80.45875263414925,2.1715510110007017,Success
/home/master/MasterThesis/OPM-MEG MPS/data/preprocessed_rest_epochs/006/somatosensory/run02_epochs.npz,006,somatosensory,run02,TT,"(1, 10, 10, 1)",10,10,8574120,19050,0.9977781976459392,450.08503937007873,0.41389174868939993,41.389174868939996,0.8286936203668307,82.86936203668307,2.2020104929997615,Success
/home/master/MasterThesis/OPM-MEG MPS/data/preprocessed_rest_epochs/006/somatosensory/run02_epochs.npz,006,somatosensory,run02,TT,"(1, 10, 15, 1)",10,15,8574120,27555,0.996786259,311.1638541099619,0.41167946720381027,41.167946720381025,0.830520016,83.05200163,2.071526546998939,Success
/home/master/MasterThesis/OPM-MEG MPS/data/preprocessed_rest_epochs/006/somatosensory/run02_epochs.npz,006,somatosensory,run02,TT,"(1, 15, 10, 1)",15,10,8574120,21570,0.99748429,397.5020862308762,0.3231492677932106,32.31492677932106,0.8955745507247119,89.55745507247119,2.450913353000942,Success
/home/master/MasterThesis/OPM-MEG MPS/data/preprocessed_rest_epochs/006/somatosensory/run02_epochs.npz,006,somatosensory,run02,TT,"(1, 15, 15, 1)",15,15,8574120,30825,0.9964048788680354,278.15474452554747,0.31730628503259617,31.730628503259616,0.8993167214788129,89.93167214788129,2.2822639780006284,Success
/home/master/MasterThesis/OPM-MEG MPS/data/preprocessed_rest_epochs/006/somatosensory/run02_epochs.npz,006,somatosensory,run02,TT,"(1, 15, 20, 1)",15,20,8574120,40080,0.9953254678031098,213.9251497005988,0.31694333355225995,31.694333355225996,0.899546923,89.95469233,2.345993933999125,Success
/home/master/MasterThesis/OPM-MEG MPS/data/preprocessed_rest_epochs/006/somatosensory/run02_epochs.npz,006,somatosensory,run02,TT,"(1, 20, 15, 1)",20,15,8574120,34095,0.9960234986214329,251.47734271887373,0.25649058661374746,25.649058661374745,0.9342125789785358,93.42125789785358,2.705693613999756,Success
/home/master/MasterThesis/OPM-MEG MPS/data/preprocessed_rest_epochs/006/somatosensory/run02_epochs.npz,006,somatosensory,run02,TT,"(1, 20, 20, 1)",20,20,8574120,44100,0.9948566150228828,194.42448979591836,0.2558208578345141,25.582085783451408,0.9345556886968134,93.45556886968134,2.4080228120001266,Success
/home/master/MasterThesis/OPM-MEG MPS/data/preprocessed_rest_epochs/093/auditory/run01_epochs.npz,093,auditory,run01,TT,"(1, 3, 3, 1)",3,3,8406000,5073,0.9993965024982155,1657.0076877587226,0.5147174475474892,51.47174475474892,0.7350659491901979,73.50659491901979,1.853847169000801,Success
/home/master/MasterThesis/OPM-MEG MPS/data/preprocessed_rest_epochs/093/auditory/run01_epochs.npz,093,auditory,run01,TT,"(1, 3, 5, 1)",3,5,8406000,8055,0.999041756,1043.5754189944134,0.4975981026347524,49.75981026347524,0.7523961282542944,75.23961282542943,1.9452487110011134,Success
/home/master/MasterThesis/OPM-MEG MPS/data/preprocessed_rest_epochs/093/auditory/run01_epochs.npz,093,auditory,run01,TT,"(1, 5, 3, 1)",5,3,8406000,5653,0.9993275041636926,1486.9980541305501,0.4243640249704724,42.43640249704724,0.8199151743108604,81.99151743108604,2.5924504089998663,Success
/home/master/MasterThesis/OPM-MEG MPS/data/preprocessed_rest_epochs/093/auditory/run01_epochs.npz,093,auditory,run01,TT,"(1, 5, 5, 1)",5,5,8406000,8755,0.9989584820366405,960.1370645345517,0.33022449215961847,33.02244921596185,0.8909517847779221,89.09517847779222,2.962422222999521,Success
/home/master/MasterThesis/OPM-MEG MPS/data/preprocessed_rest_epochs/093/auditory/run01_epochs.npz,093,auditory,run01,TT,"(1, 5, 7, 1)",5,7,8406000,11857,0.9985894599095884,708.9483005819347,0.3287157188359992,32.87157188359992,0.8919459761901324,89.19459761901324,2.179334608999852,Success
/home/master/MasterThesis/OPM-MEG MPS/data/preprocessed_rest_epochs/093/auditory/run01_epochs.npz,093,auditory,run01,TT,"(1, 7, 5, 1)",7,5,8406000,9455,0.998875208,889.0534109,0.27126225784605373,27.126225784605374,0.9264167874682611,92.64167875,2.1204965569995693,Success
/home/master/MasterThesis/OPM-MEG MPS/data/preprocessed_rest_epochs/093/auditory/run01_epochs.npz,093,auditory,run01,TT,"(1, 7, 7, 1)",7,7,8406000,12677,0.9984919105400905,663.0906366,0.2659531293506222,26.59531293506222,0.9292689329886112,92.92689329886113,2.2106367830001545,Success
/home/master/MasterThesis/OPM-MEG MPS/data/preprocessed_rest_epochs/093/auditory/run01_epochs.npz,093,auditory,run01,TT,"(1, 7, 10, 1)",7,10,8406000,17510,0.997916964,480.0685322672758,0.2646673127469785,26.466731274697853,0.9299512135632931,92.99512136,2.2499603159994876,Success
/home/master/MasterThesis/OPM-MEG MPS/data/preprocessed_rest_epochs/093/auditory/run01_epochs.npz,093,auditory,run01,TT,"(1, 10, 7, 1)",10,7,8406000,13907,0.9983455864858435,604.4438052779176,0.21894894047756427,21.894894047756427,0.9520613614637521,95.20613614637521,2.3390309090009396,Success
/home/master/MasterThesis/OPM-MEG MPS/data/preprocessed_rest_epochs/093/auditory/run01_epochs.npz,093,auditory,run01,TT,"(1, 10, 10, 1)",10,10,8406000,19010,0.9977385201046871,442.18832193582324,0.20874219190073456,20.874219190073457,0.9564266973204769,95.64266973,2.2877345850010897,Success
/home/master/MasterThesis/OPM-MEG MPS/data/preprocessed_rest_epochs/093/auditory/run01_epochs.npz,093,auditory,run01,TT,"(1, 10, 15, 1)",10,15,8406000,27515,0.996726743,305.50608758858806,0.20777477202271635,20.777477202271637,0.9568296441109083,95.68296441109084,2.270612603999325,Success
/home/master/MasterThesis/OPM-MEG MPS/data/preprocessed_rest_epochs/093/auditory/run01_epochs.npz,093,auditory,run01,TT,"(1, 15, 10, 1)",15,10,8406000,21510,0.997441113,390.7949790794979,0.16939241893835374,16.939241893835373,0.9713062084062133,97.13062084062133,2.292172595000011,Success
/home/master/MasterThesis/OPM-MEG MPS/data/preprocessed_rest_epochs/093/auditory/run01_epochs.npz,093,auditory,run01,TT,"(1, 15, 15, 1)",15,15,8406000,30765,0.9963401142041399,273.2325694783033,0.15572710828727004,15.572710828727004,0.9757490677444849,97.57490677,2.2947708960000455,Success
/home/master/MasterThesis/OPM-MEG MPS/data/preprocessed_rest_epochs/093/auditory/run01_epochs.npz,093,auditory,run01,TT,"(1, 15, 20, 1)",15,20,8406000,40020,0.9952391149179157,210.04497751124438,0.15535685408590993,15.535685408590993,0.9758642478885293,97.58642478885294,2.3543247070010693,Success
/home/master/MasterThesis/OPM-MEG MPS/data/preprocessed_rest_epochs/093/auditory/run01_epochs.npz,093,auditory,run01,TT,"(1, 20, 15, 1)",20,15,8406000,34015,0.9959534856055199,247.12626782301925,0.1221567630722789,12.215676307227891,0.9850777252357031,98.50777252357031,2.4205198639992886,Success
/home/master/MasterThesis/OPM-MEG MPS/data/preprocessed_rest_epochs/093/auditory/run01_epochs.npz,093,auditory,run01,TT,"(1, 20, 20, 1)",20,20,8406000,44020,0.9947632643349988,190.95865515674694,0.1214944870820953,12.14944870820953,0.9852390896086586,98.52390896086585,2.7191361610002787,Success
/home/master/MasterThesis/OPM-MEG MPS/data/preprocessed_rest_epochs/093/auditory/run02_epochs.npz,093,auditory,run02,TT,"(1, 3, 3, 1)",3,3,8406000,5073,0.9993965024982155,1657.0076877587226,0.5244295650326867,52.44295650326867,0.7249736313196271,72.49736313196271,2.506433588998334,Success
/home/master/MasterThesis/OPM-MEG MPS/data/preprocessed_rest_epochs/093/auditory/run02_epochs.npz,093,auditory,run02,TT,"(1, 3, 5, 1)",3,5,8406000,8055,0.999041756,1043.5754189944134,0.517105843,51.71058434,0.7326015467217517,73.26015467217518,2.1371742409992294,Success
/home/master/MasterThesis/OPM-MEG MPS/data/preprocessed_rest_epochs/093/auditory/run02_epochs.npz,093,auditory,run02,TT,"(1, 5, 3, 1)",5,3,8406000,5653,0.9993275041636926,1486.9980541305501,0.42645980257531785,42.64598025753178,0.818132037,81.81320368,2.2510448319990246,Success
/home/master/MasterThesis/OPM-MEG MPS/data/preprocessed_rest_epochs/093/auditory/run02_epochs.npz,093,auditory,run02,TT,"(1, 5, 5, 1)",5,5,8406000,8755,0.9989584820366405,960.1370645345517,0.36344581579050217,36.344581579050214,0.8679071389843764,86.79071389843764,2.226764673001526,Success
/home/master/MasterThesis/OPM-MEG MPS/data/preprocessed_rest_epochs/093/auditory/run02_epochs.npz,093,auditory,run02,TT,"(1, 5, 7, 1)",5,7,8406000,11857,0.9985894599095884,708.9483005819347,0.362950499,36.29504987,0.8682669354852077,86.82669354852078,2.0247187559998565,Success
/home/master/MasterThesis/OPM-MEG MPS/data/preprocessed_rest_epochs/093/auditory/run02_epochs.npz,093,auditory,run02,TT,"(1, 7, 5, 1)",7,5,8406000,9455,0.998875208,889.0534109,0.29316091404856254,29.316091404856255,0.9140566784742113,91.40566784742113,2.6572730759999104,Success
/home/master/MasterThesis/OPM-MEG MPS/data/preprocessed_rest_epochs/093/auditory/run02_epochs.npz,093,auditory,run02,TT,"(1, 7, 7, 1)",7,7,8406000,12677,0.9984919105400905,663.0906366,0.28910157976307843,28.910157976307843,0.9164202765784925,91.64202765784924,2.1437952619999123,Success
/home/master/MasterThesis/OPM-MEG MPS/data/preprocessed_rest_epochs/093/auditory/run02_epochs.npz,093,auditory,run02,TT,"(1, 7, 10, 1)",7,10,8406000,17510,0.997916964,480.0685322672758,0.2883969078710375,28.83969078710375,0.9168272235304242,91.68272235304242,2.1049074359998485,Success
/home/master/MasterThesis/OPM-MEG MPS/data/preprocessed_rest_epochs/093/auditory/run02_epochs.npz,093,auditory,run02,TT,"(1, 10, 7, 1)",10,7,8406000,13907,0.9983455864858435,604.4438052779176,0.23947967210396612,23.947967210396612,0.9426494866489769,94.26494866489769,2.310486141999718,Success
/home/master/MasterThesis/OPM-MEG MPS/data/preprocessed_rest_epochs/093/auditory/run02_epochs.npz,093,auditory,run02,TT,"(1, 10, 10, 1)",10,10,8406000,19010,0.9977385201046871,442.18832193582324,0.23793599563591117,23.793599563591115,0.9433864619807476,94.33864619807476,2.148278204000235,Success
/home/master/MasterThesis/OPM-MEG MPS/data/preprocessed_rest_epochs/093/auditory/run02_epochs.npz,093,auditory,run02,TT,"(1, 10, 15, 1)",10,15,8406000,27515,0.996726743,305.50608758858806,0.23740668618195135,23.740668618195134,0.9436380653561045,94.36380653561045,2.099228604000018,Success
/home/master/MasterThesis/OPM-MEG MPS/data/preprocessed_rest_epochs/093/auditory/run02_epochs.npz,093,auditory,run02,TT,"(1, 15, 10, 1)",15,10,8406000,21510,0.997441113,390.7949790794979,0.18752538414314096,18.752538414314095,0.9648342303019675,96.48342303019675,2.4748104740010604,Success
/home/master/MasterThesis/OPM-MEG MPS/data/preprocessed_rest_epochs/093/auditory/run02_epochs.npz,093,auditory,run02,TT,"(1, 15, 15, 1)",15,15,8406000,30765,0.9963401142041399,273.2325694783033,0.18556464905283437,18.556464905283438,0.9655657610218984,96.55657610218984,2.3777154790004715,Success
/home/master/MasterThesis/OPM-MEG MPS/data/preprocessed_rest_epochs/093/auditory/run02_epochs.npz,093,auditory,run02,TT,"(1, 15, 20, 1)",15,20,8406000,40020,0.9952391149179157,210.04497751124438,0.1852723856991568,18.52723856991568,0.9656741430973429,96.56741430973429,2.5936663419997785,Success
/home/master/MasterThesis/OPM-MEG MPS/data/preprocessed_rest_epochs/093/auditory/run02_epochs.npz,093,auditory,run02,TT,"(1, 20, 15, 1)",20,15,8406000,34015,0.9959534856055199,247.12626782301925,0.15142148277562267,15.142148277562267,0.9770715345540318,97.70715345540319,2.4923118900005647,Success
/home/master/MasterThesis/OPM-MEG MPS/data/preprocessed_rest_epochs/093/auditory/run02_epochs.npz,093,auditory,run02,TT,"(1, 20, 20, 1)",20,20,8406000,44020,0.9947632643349988,190.95865515674694,0.15093556331487404,15.093556331487404,0.9772184557268216,97.72184557268217,2.352659144999052,Success
/home/master/MasterThesis/OPM-MEG MPS/data/preprocessed_rest_epochs/093/motor/run01_epochs.npz,093,motor,run01,TT,"(1, 3, 3, 1)",3,3,3656610,4734,0.9987053582416501,772.4144486692015,0.3113508137168145,31.13508137168145,0.9030606707978774,90.30606707978774,0.8300534339996375,Success
/home/master/MasterThesis/OPM-MEG MPS/data/preprocessed_rest_epochs/093/motor/run01_epochs.npz,093,motor,run01,TT,"(1, 3, 5, 1)",3,5,3656610,7716,0.9978898487943751,473.89968895800934,0.29525025126361054,29.525025126361054,0.9128272891287749,91.28272891287749,0.7837840949996462,Success
/home/master/MasterThesis/OPM-MEG MPS/data/preprocessed_rest_epochs/093/motor/run01_epochs.npz,093,motor,run01,TT,"(1, 5, 3, 1)",5,3,3656610,5088,0.9986085472609877,718.6733490566038,0.26396333910646286,26.396333910646284,0.9303233556077665,93.03233556077664,0.8872389400003158,Success
/home/master/MasterThesis/OPM-MEG MPS/data/preprocessed_rest_epochs/093/motor/run01_epochs.npz,093,motor,run01,TT,"(1, 5, 5, 1)",5,5,3656610,8190,0.9977602205321322,446.4725274725275,0.21801976498835043,21.801976498835042,0.9524673820744245,95.24673820744245,0.8230344820003666,Success
/home/master/MasterThesis/OPM-MEG MPS/data/preprocessed_rest_epochs/093/motor/run01_epochs.npz,093,motor,run01,TT,"(1, 5, 7, 1)",5,7,3656610,11292,0.9969118938032768,323.8230605738576,0.21367055584876982,21.367055584876983,0.9543448935632778,95.43448935632777,0.8042925509998895,Success
/home/master/MasterThesis/OPM-MEG MPS/data/preprocessed_rest_epochs/093/motor/run01_epochs.npz,093,motor,run01,TT,"(1, 7, 5, 1)",7,5,3656610,8664,0.9976305922698894,422.04639889196676,0.19109793658036744,19.109793658036743,0.9634815786347258,96.34815786347258,0.9168960059996607,Success
/home/master/MasterThesis/OPM-MEG MPS/data/preprocessed_rest_epochs/093/motor/run01_epochs.npz,093,motor,run01,TT,"(1, 7, 7, 1)",7,7,3656610,11886,0.9967494482594534,307.64008076728925,0.1779406299274252,17.79406299274252,0.9683371322210311,96.83371322210311,0.9960654669994256,Success
/home/master/MasterThesis/OPM-MEG MPS/data/preprocessed_rest_epochs/093/motor/run01_epochs.npz,093,motor,run01,TT,"(1, 7, 10, 1)",7,10,3656610,16719,0.9954277322437995,218.70985106764758,0.17493525800226895,17.493525800226895,0.9693976555076796,96.93976555076796,0.8445205309999437,Success
/home/master/MasterThesis/OPM-MEG MPS/data/preprocessed_rest_epochs/093/motor/run01_epochs.npz,093,motor,run01,TT,"(1, 10, 7, 1)",10,7,3656610,12777,0.9965057799437184,286.1868983,0.1455634622179391,14.556346221793909,0.9788112784671266,97.88112784671266,0.8945207929991739,Success
/home/master/MasterThesis/OPM-MEG MPS/data/preprocessed_rest_epochs/093/motor/run01_epochs.npz,093,motor,run01,TT,"(1, 10, 10, 1)",10,10,3656610,17880,0.9951102250445084,204.50838926174498,0.1395207411249078,13.95207411249078,0.9805339627959565,98.05339627959565,0.9697613839998667,Success
/home/master/MasterThesis/OPM-MEG MPS/data/preprocessed_rest_epochs/093/motor/run01_epochs.npz,093,motor,run01,TT,"(1, 10, 15, 1)",10,15,3656610,26385,0.9927843002124919,138.58669698692438,0.1370094526327462,13.700945263274619,0.9812284098892753,98.12284098892754,0.9021283040001435,Success
/home/master/MasterThesis/OPM-MEG MPS/data/preprocessed_rest_epochs/093/motor/run01_epochs.npz,093,motor,run01,TT,"(1, 15, 10, 1)",15,10,3656610,19815,0.9945810463790232,184.53747161241483,0.10827853527497804,10.827853527497803,0.9882757587987053,98.82757587987054,1.0260820209987287,Success
/home/master/MasterThesis/OPM-MEG MPS/data/preprocessed_rest_epochs/093/motor/run01_epochs.npz,093,motor,run01,TT,"(1, 15, 15, 1)",15,15,3656610,29070,0.9920500135371286,125.78637770897832,0.10097197862548003,10.097197862548004,0.9898046595324556,98.98046595324556,0.8949255240004277,Success
/home/master/MasterThesis/OPM-MEG MPS/data/preprocessed_rest_epochs/093/motor/run01_epochs.npz,093,motor,run01,TT,"(1, 15, 20, 1)",15,20,3656610,38325,0.9895189806952341,95.41056751,0.10031739017812598,10.031739017812598,0.9899364212278496,98.99364212278496,1.028438126000765,Success
/home/master/MasterThesis/OPM-MEG MPS/data/preprocessed_rest_epochs/093/motor/run01_epochs.npz,093,motor,run01,TT,"(1, 20, 15, 1)",20,15,3656610,31755,0.9913157268617654,115.15068493150685,0.079952449,7.995244896176867,0.9936076059050157,99.36076059050157,1.0209026049997192,Success
/home/master/MasterThesis/OPM-MEG MPS/data/preprocessed_rest_epochs/093/motor/run01_epochs.npz,093,motor,run01,TT,"(1, 20, 20, 1)",20,20,3656610,41760,0.9885795860099929,87.5625,0.078845529,7.884552949722878,0.9937833824783017,99.37833824783017,1.1269865860012942,Success
/home/master/MasterThesis/OPM-MEG MPS/data/preprocessed_rest_epochs/093/motor/run02_epochs.npz,093,motor,run02,TT,"(1, 3, 3, 1)",3,3,2647890,4662,0.9982393528432072,567.972973,0.3862377299012045,38.62377299012045,0.8508204160007642,85.08204160007642,0.4523372769999696,Success
/home/master/MasterThesis/OPM-MEG MPS/data/preprocessed_rest_epochs/093/motor/run02_epochs.npz,093,motor,run02,TT,"(1, 3, 5, 1)",3,5,2647890,7644,0.9971131731303038,346.4010989010989,0.36840392,36.84039198,0.864278552,86.42785518416541,0.38694671200028097,Success
/home/master/MasterThesis/OPM-MEG MPS/data/preprocessed_rest_epochs/093/motor/run02_epochs.npz,093,motor,run02,TT,"(1, 5, 3, 1)",5,3,2647890,4968,0.9981237891302132,532.9891304347826,0.32055894584603756,32.055894584603756,0.8972419622380772,89.72419622380772,0.4317703540000366,Success
/home/master/MasterThesis/OPM-MEG MPS/data/preprocessed_rest_epochs/093/motor/run02_epochs.npz,093,motor,run02,TT,"(1, 5, 5, 1)",5,5,2647890,8070,0.9969522903141746,328.1152416356877,0.2748325051271774,27.48325051271774,0.924467094,92.44670941,0.4489336379992892,Success
/home/master/MasterThesis/OPM-MEG MPS/data/preprocessed_rest_epochs/093/motor/run02_epochs.npz,093,motor,run02,TT,"(1, 5, 7, 1)",5,7,2647890,11172,0.9957807914981363,237.01127819548873,0.2687911500031285,26.879115000312847,0.9277513176799956,92.77513176799957,0.4856026669986022,Success
/home/master/MasterThesis/OPM-MEG MPS/data/preprocessed_rest_epochs/093/motor/run02_epochs.npz,093,motor,run02,TT,"(1, 7, 5, 1)",7,5,2647890,8496,0.9967914074980456,311.6631355932203,0.23712463347452833,23.712463347452832,0.9437719081995706,94.37719081995706,0.5043082419997518,Success
/home/master/MasterThesis/OPM-MEG MPS/data/preprocessed_rest_epochs/093/motor/run02_epochs.npz,093,motor,run02,TT,"(1, 7, 7, 1)",7,7,2647890,11718,0.9955745895788722,225.96774193548387,0.2211048032142743,22.11048032142743,0.951112666,95.1112666,0.5491342919995077,Success
/home/master/MasterThesis/OPM-MEG MPS/data/preprocessed_rest_epochs/093/motor/run02_epochs.npz,093,motor,run02,TT,"(1, 7, 10, 1)",7,10,2647890,16551,0.9937493627001122,159.98368678629691,0.2156715042935466,21.56715042935466,0.9534858022357587,95.34858022357588,0.5400954779997846,Success
/home/master/MasterThesis/OPM-MEG MPS/data/preprocessed_rest_epochs/093/motor/run02_epochs.npz,093,motor,run02,TT,"(1, 10, 7, 1)",10,7,2647890,12537,0.9952652866999762,211.20603015075378,0.18194686203822305,18.194686203822304,0.9668953393944438,96.68953393944439,0.5696353050007019,Success
/home/master/MasterThesis/OPM-MEG MPS/data/preprocessed_rest_epochs/093/motor/run02_epochs.npz,093,motor,run02,TT,"(1, 10, 10, 1)",10,10,2647890,17640,0.9933380918391626,150.10714285714286,0.1705581624703251,17.05581624703251,0.9709099132147462,97.09099132147462,0.6126505419997557,Success
/home/master/MasterThesis/OPM-MEG MPS/data/preprocessed_rest_epochs/093/motor/run02_epochs.npz,093,motor,run02,TT,"(1, 10, 15, 1)",10,15,2647890,26145,0.9901261,101.27710843373494,0.16611819952909138,16.611819952909137,0.972404744,97.24047438,0.5333319809997192,Success
/home/master/MasterThesis/OPM-MEG MPS/data/preprocessed_rest_epochs/093/motor/run02_epochs.npz,093,motor,run02,TT,"(1, 15, 10, 1)",15,10,2647890,19455,0.9926526404042464,136.10331534309947,0.1292553981824521,12.92553981824521,0.9832930420406958,98.32930420406957,0.6493696559991804,Success
/home/master/MasterThesis/OPM-MEG MPS/data/preprocessed_rest_epochs/093/motor/run02_epochs.npz,093,motor,run02,TT,"(1, 15, 15, 1)",15,15,2647890,28710,0.9891574045749635,92.22884012539186,0.11807118800963179,11.80711880096318,0.9860591945619942,98.60591945619942,0.5974979849997908,Success
/home/master/MasterThesis/OPM-MEG MPS/data/preprocessed_rest_epochs/093/motor/run02_epochs.npz,093,motor,run02,TT,"(1, 15, 20, 1)",15,20,2647890,37965,0.9856621687456806,69.74555511655473,0.11720940196290654,11.720940196290654,0.9862619560914978,98.62619560914978,0.6941036259995599,Success
/home/master/MasterThesis/OPM-MEG MPS/data/preprocessed_rest_epochs/093/motor/run02_epochs.npz,093,motor,run02,TT,"(1, 20, 15, 1)",20,15,2647890,31275,0.988188709,84.66474820143885,0.087471713,8.747171327692707,0.992348699,99.23486994,0.9244176840002183,Success
/home/master/MasterThesis/OPM-MEG MPS/data/preprocessed_rest_epochs/093/motor/run02_epochs.npz,093,motor,run02,TT,"(1, 20, 20, 1)",20,20,2647890,41280,0.9844102285215776,64.14462209302326,0.085761109,8.576110853009256,0.9926450322636897,99.26450322636897,1.287536452000495,Success
/home/master/MasterThesis/OPM-MEG MPS/data/preprocessed_rest_epochs/093/motor/run03_epochs.npz,093,motor,run03,TT,"(1, 3, 3, 1)",3,3,2984130,4686,0.998429693,636.8181818181819,0.38439295473381785,38.43929547338178,0.8522420563510051,85.22420563510052,0.4771385399999417,Success
/home/master/MasterThesis/OPM-MEG MPS/data/preprocessed_rest_epochs/093/motor/run03_epochs.npz,093,motor,run03,TT,"(1, 3, 5, 1)",3,5,2984130,7668,0.9974304068522484,389.1666666666667,0.37258991921192824,37.25899192119282,0.8611767521016489,86.11767521016489,0.5869260720010061,Success
/home/master/MasterThesis/OPM-MEG MPS/data/preprocessed_rest_epochs/093/motor/run03_epochs.npz,093,motor,run03,TT,"(1, 5, 3, 1)",5,3,2984130,5008,0.9983217889301069,595.8726038338658,0.3322349110057282,33.22349110057282,0.8896199639090159,88.96199639090159,0.536970792,Success
/home/master/MasterThesis/OPM-MEG MPS/data/preprocessed_rest_epochs/093/motor/run03_epochs.npz,093,motor,run03,TT,"(1, 5, 5, 1)",5,5,2984130,8110,0.9972822899806644,367.95684340320594,0.2897753986998157,28.977539869981573,0.9160302183083628,91.60302183083628,0.5467281189994537,Success
/home/master/MasterThesis/OPM-MEG MPS/data/preprocessed_rest_epochs/093/motor/run03_epochs.npz,093,motor,run03,TT,"(1, 5, 7, 1)",5,7,2984130,11212,0.9962427910312218,266.1550124866215,0.2828562603502362,28.28562603502362,0.9199923359806794,91.99923359806795,0.5636437430002843,Success
/home/master/MasterThesis/OPM-MEG MPS/data/preprocessed_rest_epochs/093/motor/run03_epochs.npz,093,motor,run03,TT,"(1, 7, 5, 1)",7,5,2984130,8552,0.9971341731090804,348.9394294,0.2593447908228643,25.934479082286433,0.9327402794730447,93.27402794730448,0.6124896969995461,Success
/home/master/MasterThesis/OPM-MEG MPS/data/preprocessed_rest_epochs/093/motor/run03_epochs.npz,093,motor,run03,TT,"(1, 7, 7, 1)",7,7,2984130,11774,0.9960544614343209,253.45082384915918,0.2465514520959014,24.65514520959014,0.9392123814694024,93.92123814694024,0.7163429299998825,Success
/home/master/MasterThesis/OPM-MEG MPS/data/preprocessed_rest_epochs/093/motor/run03_epochs.npz,093,motor,run03,TT,"(1, 7, 10, 1)",7,10,2984130,16607,0.9944348939221817,179.69109411693864,0.24108363791438994,24.108363791438993,0.9418786795299633,94.18786795299633,0.5679299530002027,Success
/home/master/MasterThesis/OPM-MEG MPS/data/preprocessed_rest_epochs/093/motor/run03_epochs.npz,093,motor,run03,TT,"(1, 10, 7, 1)",10,7,2984130,12617,0.9957719670389695,236.5166045811207,0.20685187341248615,20.685187341248614,0.9572123024657448,95.72123024657448,0.6085207710002578,Success
/home/master/MasterThesis/OPM-MEG MPS/data/preprocessed_rest_epochs/093/motor/run03_epochs.npz,093,motor,run03,TT,"(1, 10, 10, 1)",10,10,2984130,17720,0.9940619208948672,168.4046275395034,0.19578984277011185,19.578984277011184,0.9616663374680549,96.16663374680549,0.595623927,Success
/home/master/MasterThesis/OPM-MEG MPS/data/preprocessed_rest_epochs/093/motor/run03_epochs.npz,093,motor,run03,TT,"(1, 10, 15, 1)",10,15,2984130,26225,0.991211844,113.78951382268828,0.1928879742115431,19.28879742115431,0.962794229,96.27942294,0.5846622950011806,Success
/home/master/MasterThesis/OPM-MEG MPS/data/preprocessed_rest_epochs/093/motor/run03_epochs.npz,093,motor,run03,TT,"(1, 15, 10, 1)",15,10,2984130,19575,0.9934402991826764,152.44597701149425,0.1418476659689099,14.184766596890992,0.9798792396591726,97.98792396591726,0.7102970460000506,Success
/home/master/MasterThesis/OPM-MEG MPS/data/preprocessed_rest_epochs/093/motor/run03_epochs.npz,093,motor,run03,TT,"(1, 15, 15, 1)",15,15,2984130,28830,0.9903388927426084,103.50780437044745,0.13267556883512685,13.267556883512684,0.9823971934342756,98.23971934342755,0.6739605370003119,Success
/home/master/MasterThesis/OPM-MEG MPS/data/preprocessed_rest_epochs/093/motor/run03_epochs.npz,093,motor,run03,TT,"(1, 15, 20, 1)",15,20,2984130,38085,0.9872374863025405,78.35447026388341,0.1316362598667588,13.16362598667588,0.9826718950882911,98.26718951,0.7069691560009232,Success
/home/master/MasterThesis/OPM-MEG MPS/data/preprocessed_rest_epochs/093/motor/run03_epochs.npz,093,motor,run03,TT,"(1, 20, 15, 1)",20,15,2984130,31435,0.9894659414971868,94.93017337362812,0.10148750876537624,10.148750876537624,0.9897002855645977,98.97002855645977,0.8015543479996268,Success
/home/master/MasterThesis/OPM-MEG MPS/data/preprocessed_rest_epochs/093/motor/run03_epochs.npz,093,motor,run03,TT,"(1, 20, 20, 1)",20,20,2984130,41440,0.986113206,72.01085907335907,0.099706816,9.970681610418339,0.9900585508223666,99.00585508223666,0.7857509309997113,Success
/home/master/MasterThesis/OPM-MEG MPS/data/preprocessed_rest_epochs/093/rest/run01_epochs.npz,093,rest,run01,TT,"(1, 3, 3, 1)",3,3,18325080,5781,0.9996845307087336,3169.880643487286,0.6448519364060913,64.48519364060913,0.5841659801133143,58.41659801133143,5.052369329001522,Success
/home/master/MasterThesis/OPM-MEG MPS/data/preprocessed_rest_epochs/093/rest/run01_epochs.npz,093,rest,run01,TT,"(1, 3, 5, 1)",3,5,18325080,8763,0.9995218029061811,2091.1879493324204,0.6409772789194277,64.09772789194277,0.5891481279090464,58.914812790904634,6.058109302999583,Success
/home/master/MasterThesis/OPM-MEG MPS/data/preprocessed_rest_epochs/093/rest/run01_epochs.npz,093,rest,run01,TT,"(1, 5, 3, 1)",5,3,18325080,6833,0.9996271230466661,2681.8498463339674,0.5339093086237642,53.390930862376415,0.71494085,71.49408502,5.788331200999892,Success
/home/master/MasterThesis/OPM-MEG MPS/data/preprocessed_rest_epochs/093/rest/run01_epochs.npz,093,rest,run01,TT,"(1, 5, 5, 1)",5,5,18325080,9935,0.9994578468415963,1844.4972320080524,0.509757714,50.97577143,0.7401470727245578,74.01470727245578,6.3306044150012895,Success
/home/master/MasterThesis/OPM-MEG MPS/data/preprocessed_rest_epochs/093/rest/run01_epochs.npz,093,rest,run01,TT,"(1, 5, 7, 1)",5,7,18325080,13037,0.9992885706365265,1405.620925059446,0.50721037,50.72103696,0.7427376409357247,74.27376409357247,5.527158651000718,Success
/home/master/MasterThesis/OPM-MEG MPS/data/preprocessed_rest_epochs/093/rest/run01_epochs.npz,093,rest,run01,TT,"(1, 7, 5, 1)",7,5,18325080,11107,0.9993938907770116,1649.8676510308815,0.43083277956916727,43.083277956916724,0.8143831160487053,81.43831160487053,5.615966182998818,Success
/home/master/MasterThesis/OPM-MEG MPS/data/preprocessed_rest_epochs/093/rest/run01_epochs.npz,093,rest,run01,TT,"(1, 7, 7, 1)",7,7,18325080,14329,0.9992180661694247,1278.8805918068254,0.424589917,42.45899168,0.8197234025171702,81.97234025171703,5.531546651000099,Success
/home/master/MasterThesis/OPM-MEG MPS/data/preprocessed_rest_epochs/093/rest/run01_epochs.npz,093,rest,run01,TT,"(1, 7, 10, 1)",7,10,18325080,19162,0.9989543292580442,956.3239745329298,0.42408402479041724,42.408402479041726,0.8201527399175607,82.01527399175606,5.922443508,Success
/home/master/MasterThesis/OPM-MEG MPS/data/preprocessed_rest_epochs/093/rest/run01_epochs.npz,093,rest,run01,TT,"(1, 10, 7, 1)",10,7,18325080,16267,0.9991123094687717,1126.5187188787115,0.35334103324727095,35.334103324727096,0.8751501142237509,87.51501142237508,6.0217992779998895,Success
/home/master/MasterThesis/OPM-MEG MPS/data/preprocessed_rest_epochs/093/rest/run01_epochs.npz,093,rest,run01,TT,"(1, 10, 10, 1)",10,10,18325080,21370,0.9988338386517276,857.5142723,0.3500971474753114,35.00971474753114,0.877431987,87.74319873,6.006721343001118,Success
/home/master/MasterThesis/OPM-MEG MPS/data/preprocessed_rest_epochs/093/rest/run01_epochs.npz,093,rest,run01,TT,"(1, 10, 15, 1)",10,15,18325080,29875,0.9983697206233206,613.3917991631799,0.3495828867543181,34.95828867543181,0.8777918052885176,87.77918052885177,6.182962748000136,Success
/home/master/MasterThesis/OPM-MEG MPS/data/preprocessed_rest_epochs/093/rest/run01_epochs.npz,093,rest,run01,TT,"(1, 15, 10, 1)",15,10,18325080,25050,0.9986330209745332,731.5401198,0.2693380652335727,26.93380652335727,0.9274570066162358,92.74570066162357,6.465085826999712,Success
/home/master/MasterThesis/OPM-MEG MPS/data/preprocessed_rest_epochs/093/rest/run01_epochs.npz,093,rest,run01,TT,"(1, 15, 15, 1)",15,15,18325080,34305,0.9981279754303938,534.1810231744644,0.26759136146482576,26.759136146482575,0.928394863,92.83948633,5.591064436999659,Success
/home/master/MasterThesis/OPM-MEG MPS/data/preprocessed_rest_epochs/093/rest/run01_epochs.npz,093,rest,run01,TT,"(1, 15, 20, 1)",15,20,18325080,43560,0.9976229298862542,420.68595041322317,0.2673748607391194,26.737486073911942,0.9285106838447365,92.85106838447365,6.272035658999812,Success
/home/master/MasterThesis/OPM-MEG MPS/data/preprocessed_rest_epochs/093/rest/run01_epochs.npz,093,rest,run01,TT,"(1, 20, 15, 1)",20,15,18325080,38735,0.9978862302374669,473.08842132438366,0.2124161697164815,21.24161697164815,0.9548793708429789,95.48793708,5.928491351000048,Success
/home/master/MasterThesis/OPM-MEG MPS/data/preprocessed_rest_epochs/093/rest/run01_epochs.npz,093,rest,run01,TT,"(1, 20, 20, 1)",20,20,18325080,48740,0.9973402571775949,375.97620024620437,0.21194991687401787,21.19499168740179,0.9550772327370969,95.50772327370969,6.437713685001654,Success
/home/master/MasterThesis/OPM-MEG MPS/data/preprocessed_rest_epochs/093/somatosensory/run01_epochs.npz,093,somatosensory,run01,TT,"(1, 3, 3, 1)",3,3,8910360,5109,0.9994266224933672,1744.0516735173223,0.3498851765286902,34.98851765286902,0.8775803632454873,87.75803632454873,2.643814888999259,Success
/home/master/MasterThesis/OPM-MEG MPS/data/preprocessed_rest_epochs/093/somatosensory/run01_epochs.npz,093,somatosensory,run01,TT,"(1, 3, 5, 1)",3,5,8910360,8091,0.9990919558805705,1101.2680756395996,0.34457966154443725,34.457966154443724,0.8812648568499211,88.12648568,2.3849686890007433,Success
/home/master/MasterThesis/OPM-MEG MPS/data/preprocessed_rest_epochs/093/somatosensory/run01_epochs.npz,093,somatosensory,run01,TT,"(1, 5, 3, 1)",5,3,8910360,5713,0.9993588362310838,1559.6639243829861,0.3130452367809194,31.30452367809194,0.9020026797287781,90.20026797287781,2.9166139629996906,Success
/home/master/MasterThesis/OPM-MEG MPS/data/preprocessed_rest_epochs/093/somatosensory/run01_epochs.npz,093,somatosensory,run01,TT,"(1, 5, 5, 1)",5,5,8910360,8815,0.9990107021489592,1010.8179239931934,0.27947571005647676,27.947571005647674,0.9218933274884281,92.18933274884282,2.593217834000825,Success
/home/master/MasterThesis/OPM-MEG MPS/data/preprocessed_rest_epochs/093/somatosensory/run01_epochs.npz,093,somatosensory,run01,TT,"(1, 5, 7, 1)",5,7,8910360,11917,0.9986625680668345,747.7016027523706,0.2743206046139561,27.432060461395608,0.9247482058842336,92.47482058842336,2.5022563590009668,Success
/home/master/MasterThesis/OPM-MEG MPS/data/preprocessed_rest_epochs/093/somatosensory/run01_epochs.npz,093,somatosensory,run01,TT,"(1, 7, 5, 1)",7,5,8910360,9539,0.9989294484173479,934.0979138274453,0.2523165361335873,25.23165361335873,0.9363363655935482,93.63363655935481,2.7212032839997846,Success
/home/master/MasterThesis/OPM-MEG MPS/data/preprocessed_rest_epochs/093/somatosensory/run01_epochs.npz,093,somatosensory,run01,TT,"(1, 7, 7, 1)",7,7,8910360,12761,0.9985678468658954,698.2493534989421,0.2261565781613306,22.615657816133062,0.948853202,94.88532022,2.4497973849993286,Success
/home/master/MasterThesis/OPM-MEG MPS/data/preprocessed_rest_epochs/093/somatosensory/run01_epochs.npz,093,somatosensory,run01,TT,"(1, 7, 10, 1)",7,10,8910360,17594,0.9980254445387168,506.44310560418324,0.22301423977991572,22.301423977991572,0.9502646488553862,95.02646488553862,2.355884659000367,Success
/home/master/MasterThesis/OPM-MEG MPS/data/preprocessed_rest_epochs/093/somatosensory/run01_epochs.npz,093,somatosensory,run01,TT,"(1, 10, 7, 1)",10,7,8910360,14027,0.9984257650644868,635.2292008269766,0.17853170020860573,17.853170020860574,0.9681264320206245,96.81264320206246,2.4859298629999103,Success
/home/master/MasterThesis/OPM-MEG MPS/data/preprocessed_rest_epochs/093/somatosensory/run01_epochs.npz,093,somatosensory,run01,TT,"(1, 10, 10, 1)",10,10,8910360,19130,0.9978530609313204,465.77940407736537,0.16812415848739987,16.812415848739988,0.9717342673329037,97.17342673329037,2.4397987390002527,Success
/home/master/MasterThesis/OPM-MEG MPS/data/preprocessed_rest_epochs/093/somatosensory/run01_epochs.npz,093,somatosensory,run01,TT,"(1, 10, 15, 1)",10,15,8910360,27635,0.9968985540427099,322.4302514926723,0.16716612942269454,16.716612942269453,0.9720554851738349,97.20554851738349,2.283134051000161,Success
/home/master/MasterThesis/OPM-MEG MPS/data/preprocessed_rest_epochs/093/somatosensory/run01_epochs.npz,093,somatosensory,run01,TT,"(1, 15, 10, 1)",15,10,8910360,21690,0.9975657549189931,410.80497925311204,0.12886065719739975,12.886065719739975,0.9833949310266542,98.33949310266541,2.5979454349999287,Success
/home/master/MasterThesis/OPM-MEG MPS/data/preprocessed_rest_epochs/093/somatosensory/run01_epochs.npz,093,somatosensory,run01,TT,"(1, 15, 15, 1)",15,15,8910360,30945,0.9965270763470836,287.9418322830829,0.12213848071195653,12.213848071195653,0.985082192,98.50821915,2.605331924998609,Success
/home/master/MasterThesis/OPM-MEG MPS/data/preprocessed_rest_epochs/093/somatosensory/run01_epochs.npz,093,somatosensory,run01,TT,"(1, 15, 20, 1)",15,20,8910360,40200,0.9954883977751741,221.65074626865672,0.12190427167984372,12.190427167984371,0.9851393485462069,98.51393485462069,2.4927798619992245,Success
/home/master/MasterThesis/OPM-MEG MPS/data/preprocessed_rest_epochs/093/somatosensory/run01_epochs.npz,093,somatosensory,run01,TT,"(1, 20, 15, 1)",20,15,8910360,34255,0.9961555986514574,260.1185228433805,0.097615878,9.761587789746985,0.9904711403823062,99.04711403823062,2.662319180999475,Success
/home/master/MasterThesis/OPM-MEG MPS/data/preprocessed_rest_epochs/093/somatosensory/run01_epochs.npz,093,somatosensory,run01,TT,"(1, 20, 20, 1)",20,20,8910360,44260,0.9950327483962489,201.31857207410755,0.097150194,9.715019424,0.99056184,99.05618398,2.5844395690000965,Success
/home/master/MasterThesis/OPM-MEG MPS/data/preprocessed_rest_epochs/093/somatosensory/run02_epochs.npz,093,somatosensory,run02,TT,"(1, 3, 3, 1)",3,3,8616150,5088,0.9994094810327119,1693.4257075471698,0.3996438808140352,39.96438808140352,0.8402847685278972,84.02847685278972,2.2261672260010528,Success
/home/master/MasterThesis/OPM-MEG MPS/data/preprocessed_rest_epochs/093/somatosensory/run02_epochs.npz,093,somatosensory,run02,TT,"(1, 3, 5, 1)",3,5,8616150,8070,0.999063387,1067.6765799256505,0.3919212320416935,39.19212320416935,0.846397748,84.63977479,2.6736436120008875,Success
/home/master/MasterThesis/OPM-MEG MPS/data/preprocessed_rest_epochs/093/somatosensory/run02_epochs.npz,093,somatosensory,run02,TT,"(1, 5, 3, 1)",5,3,8616150,5678,0.9993410049732189,1517.4621345544206,0.35684962594987363,35.68496259498736,0.8726583444594351,87.26583444594351,2.217391153,Success
/home/master/MasterThesis/OPM-MEG MPS/data/preprocessed_rest_epochs/093/somatosensory/run02_epochs.npz,093,somatosensory,run02,TT,"(1, 5, 5, 1)",5,5,8616150,8780,0.998980983,981.3382687927107,0.2996790333098588,29.96790333098588,0.9101924769944686,91.01924769944686,2.1198270059994684,Success
/home/master/MasterThesis/OPM-MEG MPS/data/preprocessed_rest_epochs/093/somatosensory/run02_epochs.npz,093,somatosensory,run02,TT,"(1, 5, 7, 1)",5,7,8616150,11882,0.998620962,725.1430735566403,0.2983950889781151,29.839508897811513,0.9109603708737427,91.09603708737427,2.275786247000724,Success
/home/master/MasterThesis/OPM-MEG MPS/data/preprocessed_rest_epochs/093/somatosensory/run02_epochs.npz,093,somatosensory,run02,TT,"(1, 7, 5, 1)",7,5,8616150,9490,0.9988985799922239,907.9188619599579,0.2512144093311458,25.12144093311458,0.9368913205444035,93.68913205444035,2.1773819560003176,Success
/home/master/MasterThesis/OPM-MEG MPS/data/preprocessed_rest_epochs/093/somatosensory/run02_epochs.npz,093,somatosensory,run02,TT,"(1, 7, 7, 1)",7,7,8616150,12712,0.9985246310707219,677.7965701699181,0.24242137801145078,24.242137801145077,0.9412318754830292,94.12318754830292,2.1505644409990055,Success
/home/master/MasterThesis/OPM-MEG MPS/data/preprocessed_rest_epochs/093/somatosensory/run02_epochs.npz,093,somatosensory,run02,TT,"(1, 7, 10, 1)",7,10,8616150,17545,0.9979637076884688,491.0886292390995,0.24145674079825222,24.145674079825223,0.9416986423230856,94.16986423230857,2.294890327999383,Success
/home/master/MasterThesis/OPM-MEG MPS/data/preprocessed_rest_epochs/093/somatosensory/run02_epochs.npz,093,somatosensory,run02,TT,"(1, 10, 7, 1)",10,7,8616150,13957,0.998380135,617.3353872608727,0.20845481524420217,20.84548152442022,0.9565465900015055,95.65465900015056,2.3648091279992514,Success
/home/master/MasterThesis/OPM-MEG MPS/data/preprocessed_rest_epochs/093/somatosensory/run02_epochs.npz,093,somatosensory,run02,TT,"(1, 10, 10, 1)",10,10,8616150,19060,0.9977878750950251,452.05403987408187,0.19882953625844252,19.88295362584425,0.9604668155112527,96.04668155112527,2.1280020129997865,Success
/home/master/MasterThesis/OPM-MEG MPS/data/preprocessed_rest_epochs/093/somatosensory/run02_epochs.npz,093,somatosensory,run02,TT,"(1, 10, 15, 1)",10,15,8616150,27565,0.9968007752882668,312.5757300925086,0.19802943126795847,19.802943126795846,0.9607843443516889,96.07843443516889,2.232045622999067,Success
/home/master/MasterThesis/OPM-MEG MPS/data/preprocessed_rest_epochs/093/somatosensory/run02_epochs.npz,093,somatosensory,run02,TT,"(1, 15, 10, 1)",15,10,8616150,21585,0.9974948207726189,399.1730368311327,0.14595058725512283,14.595058725512283,0.9786984260798848,97.86984260798847,2.3327925909998157,Success
/home/master/MasterThesis/OPM-MEG MPS/data/preprocessed_rest_epochs/093/somatosensory/run02_epochs.npz,093,somatosensory,run02,TT,"(1, 15, 15, 1)",15,15,8616150,30840,0.9964206751275222,279.38229571984436,0.1413961607674748,14.13961607674748,0.9800071257202184,98.00071257202184,2.3088917269997182,Success
/home/master/MasterThesis/OPM-MEG MPS/data/preprocessed_rest_epochs/093/somatosensory/run02_epochs.npz,093,somatosensory,run02,TT,"(1, 15, 20, 1)",15,20,8616150,40095,0.9953465294824254,214.89337822671155,0.1411895560821883,14.11895560821883,0.9800655092533146,98.00655092533145,2.3236195239987865,Success
/home/master/MasterThesis/OPM-MEG MPS/data/preprocessed_rest_epochs/093/somatosensory/run02_epochs.npz,093,somatosensory,run02,TT,"(1, 20, 15, 1)",20,15,8616150,34115,0.9960405749667776,252.5619229078118,0.11157737368925892,11.157737368925892,0.9875504896806074,98.75504896806075,5.959805647000394,Success
/home/master/MasterThesis/OPM-MEG MPS/data/preprocessed_rest_epochs/093/somatosensory/run02_epochs.npz,093,somatosensory,run02,TT,"(1, 20, 20, 1)",20,20,8616150,44120,0.9948793834833424,195.28898458748867,0.11116554306927068,11.116554306927068,0.9876422220341141,98.7642222,3.4538515499989444,Success
